Timestamp,open,high,low,close,volume
4/1/2011,19.88,20.13,19.75,20,"15,595,400"
5/1/2011,20,20.13,19.88,20,"5,924,000"
6/1/2011,20,20.25,19.88,20.13,"13,073,600"
7/1/2011,20.13,20.13,19.5,19.63,"20,270,000"
10/1/2011,19.63,19.75,18.38,18.88,"38,588,200"
11/1/2011,18.88,19.5,18.75,19.5,"24,289,400"
12/1/2011,19.5,19.88,18.75,18.75,"42,537,000"
13/1/2011,19.13,19.25,19,19.25,"14,135,200"
14/1/2011,19.25,19.5,18.88,19,"16,548,800"
17/1/2011,19,19,18.75,18.88,"8,995,600"
18/1/2011,18.75,19.13,18.63,18.88,"20,133,800"
19/1/2011,19,19.13,18.75,18.75,"11,407,600"
20/1/2011,18.75,18.88,18.5,18.5,"12,438,600"
21/1/2011,18,18.38,17.75,18.25,"31,009,400"
24/1/2011,17.88,17.88,16.75,17.63,"39,623,400"
25/1/2011,17.5,17.88,17.38,17.5,"33,877,000"
26/1/2011,17.75,18.38,17.75,18.25,"19,362,400"
27/1/2011,18.38,18.88,18.38,18.88,"21,895,000"
28/1/2011,18.63,19.25,18.5,19.25,"19,708,800"
31/1/2011,18.75,19.25,18.63,19.25,"17,262,800"
1/2/2011,19.25,19.38,19,19,"10,320,800"
2/2/2011,19.25,19.88,19.13,19.63,"18,472,000"
3/2/2011,19.63,19.75,19.25,19.25,"4,929,800"
4/2/2011,19.38,19.38,18.88,18.88,"9,906,400"
7/2/2011,18.63,18.75,18.13,18.38,"26,725,400"
8/2/2011,18.25,18.75,18.25,18.25,"23,326,200"
9/2/2011,18.13,18.38,17.88,17.88,"19,074,400"
10/2/2011,17.63,17.75,16.63,17,"86,858,400"
11/2/2011,16.75,16.75,16,16.63,"101,247,000"
14/2/2011,17,17.38,16.88,17.13,"50,271,600"
15/2/2011,17.25,17.38,16.88,17.13,"24,120,400"
16/2/2011,17.13,17.5,17.13,17.5,"19,229,000"
17/2/2011,17.75,18.75,17.63,18.63,"41,185,600"
21/2/2011,18.75,19.63,18.38,19.38,"34,571,200"
22/2/2011,19.13,19.25,18.63,19,"19,582,200"
23/2/2011,19.13,19.5,19,19.25,"16,999,800"
24/2/2011,19.38,19.38,18.5,18.88,"13,475,000"
25/2/2011,18.88,19.5,18.75,19.5,"11,920,000"
28/2/2011,19.38,19.63,19.25,19.5,"13,465,400"
1/3/2011,19.5,19.75,19.38,19.5,"16,603,600"
2/3/2011,19.38,20,19.38,19.38,"45,402,800"
3/3/2011,19.5,19.75,19.38,19.5,"11,533,800"
4/3/2011,19.88,20,19.75,19.75,"16,547,200"
7/3/2011,20,20.13,19.75,19.88,"7,410,000"
8/3/2011,19.88,20.13,19.88,20.13,"13,216,600"
9/3/2011,20.25,20.5,20.13,20.25,"13,893,200"
10/3/2011,20.25,20.38,20,20.13,"10,753,800"
11/3/2011,20,20.25,19.88,19.88,"14,237,600"
14/3/2011,20,20.13,19.63,19.63,"12,378,400"
15/3/2011,19.38,19.5,18.75,19.13,"23,317,000"
16/3/2011,19.38,19.5,19.13,19.38,"16,489,800"
17/3/2011,19,19.13,18.88,19,"15,634,600"
18/3/2011,19,19.13,18.75,18.75,"14,978,400"
21/3/2011,18.75,19.13,18.75,19,"14,164,200"
22/3/2011,19,19.13,18.88,18.88,"19,932,400"
23/3/2011,18.88,19.38,18.88,19,"23,688,200"
24/3/2011,19.13,19.5,19.13,19.38,"17,363,800"
25/3/2011,19.5,19.5,19.25,19.5,"16,423,800"
28/3/2011,19.5,19.63,19.25,19.38,"11,431,000"
29/3/2011,19.38,19.88,19.25,19.63,"22,408,000"
30/3/2011,19.88,20.25,19.88,20.13,"45,137,400"
31/3/2011,20.13,20.25,19.63,20,"30,583,400"
1/4/2011,20.13,20.25,19.88,19.88,"22,295,200"
4/4/2011,20.25,20.25,19.88,20,"13,414,800"
5/4/2011,20,20,19.75,20,"6,510,200"
7/4/2011,20,20.25,19.88,20.25,"22,454,600"
8/4/2011,20.38,20.5,20.25,20.38,"24,189,000"
11/4/2011,20.5,20.63,20.25,20.5,"7,382,600"
12/4/2011,20.38,20.88,20.38,20.88,"14,785,400"
18/4/2011,21.25,21.88,21.13,21.63,"39,001,200"
19/4/2011,21.5,22,21.5,22,"18,203,000"
20/4/2011,22.38,22.88,22.13,22.88,"50,922,400"
21/4/2011,22.88,23,22.38,22.63,"47,944,400"
22/4/2011,22.5,22.63,22.25,22.38,"8,292,400"
25/4/2011,22.38,22.5,22,22,"7,040,000"
26/4/2011,21.75,21.88,21.5,21.88,"13,185,000"
27/4/2011,22.13,22.63,22.13,22.5,"20,009,600"
28/4/2011,22.25,22.38,21.63,21.63,"9,829,600"
29/4/2011,21.38,21.75,21.25,21.63,"12,234,800"
3/5/2011,22,22,21,21.25,"12,273,200"
4/5/2011,21.13,21.38,20.88,21.13,"13,625,000"
6/5/2011,21.13,21.75,20.88,21.13,"22,263,600"
9/5/2011,21.5,21.63,21.25,21.38,"11,178,800"
10/5/2011,21.63,22.5,21.38,22.38,"32,360,400"
11/5/2011,22.63,23.13,22.63,22.88,"36,775,800"
12/5/2011,22.5,22.75,22.38,22.38,"21,966,600"
13/5/2011,22.63,22.63,22,22,"17,590,200"
18/5/2011,22,22,21.5,21.63,"25,796,600"
19/5/2011,21.63,21.63,21.25,21.38,"10,037,000"
20/5/2011,21.63,21.63,21.13,21.63,"12,585,000"
23/5/2011,21.75,22,21.38,21.75,"46,343,400"
24/5/2011,22.13,23.25,22.13,23.25,"54,251,000"
25/5/2011,23.38,23.75,22.75,23.25,"28,773,000"
26/5/2011,23.5,23.5,22.88,23,"17,681,200"
27/5/2011,23.13,23.5,22.75,23,"18,849,800"
30/5/2011,22.88,23,22.5,22.63,"13,922,600"
31/5/2011,22.63,22.75,22.13,22.25,"23,945,000"
1/6/2011,22.38,22.63,22.13,22.63,"15,311,600"
2/6/2011,22.5,22.5,22.13,22.5,"12,696,600"
3/6/2011,22.38,22.75,22.38,22.63,"13,157,200"
6/6/2011,22.5,22.63,22.25,22.5,"5,588,400"
7/6/2011,22.38,22.5,22.13,22.25,"13,320,000"
8/6/2011,22,22.25,21.25,22,"24,978,600"
9/6/2011,21.63,21.88,21.38,21.88,"17,086,200"
10/6/2011,21.75,22.25,21.75,22,"6,866,200"
13/6/2011,21.63,21.88,21.5,21.88,"5,514,800"
14/6/2011,21.88,22.5,21.75,22.5,"6,259,200"
15/6/2011,22.38,22.63,22.25,22.38,"6,288,000"
16/6/2011,22,22.25,22,22.25,"5,618,400"
17/6/2011,22.5,22.5,21.88,21.88,"10,034,600"
20/6/2011,21.88,22,21.25,21.25,"18,440,400"
21/6/2011,21.25,21.63,21.13,21.5,"16,235,000"
22/6/2011,21.5,21.63,21.38,21.5,"9,502,200"
23/6/2011,21.38,21.63,21.25,21.5,"7,291,800"
24/6/2011,21.5,21.75,21.38,21.75,"11,527,400"
27/6/2011,21.5,21.63,21.38,21.5,"6,041,400"
28/6/2011,21.5,21.63,21.38,21.63,"9,126,400"
29/6/2011,21.63,22,21.63,22,"12,957,800"
30/6/2011,22.13,22.13,21.88,22.13,"8,233,600"
4/7/2011,23.13,23.25,22.5,23.25,"31,497,800"
5/7/2011,23.38,23.38,22.75,22.75,"16,433,400"
6/7/2011,22.75,23.13,22.75,22.88,"6,621,000"
7/7/2011,22.88,23.75,22.88,23.75,"21,362,200"
8/7/2011,24,24.38,23.75,23.88,"47,213,000"
11/7/2011,23.5,23.5,23.13,23.25,"93,995,200"
12/7/2011,23,23.13,22.88,23,"6,660,200"
13/7/2011,23.25,23.75,23.13,23.63,"10,891,800"
14/7/2011,23.63,24,23.63,23.75,"14,508,400"
18/7/2011,24,24.13,23.5,23.75,"10,998,400"
19/7/2011,23.5,23.63,23.38,23.5,"13,771,800"
20/7/2011,23.5,23.63,23.5,23.5,"9,813,000"
21/7/2011,23.63,24,23.63,23.63,"13,681,200"
22/7/2011,23.75,24,23.63,23.88,"7,107,000"
25/7/2011,23.88,23.88,23.63,23.88,"6,432,000"
26/7/2011,23.75,24,23.63,23.75,"21,845,200"
27/7/2011,23.88,24,23.75,23.75,"22,539,200"
28/7/2011,23.88,25,23.75,24.5,"36,971,800"
29/7/2011,24.38,24.88,24.25,24.75,"15,960,200"
1/8/2011,24.88,25.38,24.5,25,"33,712,800"
2/8/2011,25,25.25,24.75,24.88,"12,970,200"
3/8/2011,24.5,25,24.5,24.88,"24,435,200"
4/8/2011,24.88,25.13,24.63,24.88,"38,998,200"
5/8/2011,24.25,24.5,24,24.5,"42,686,200"
8/8/2011,24,24.25,23.75,23.75,"25,955,200"
9/8/2011,22.5,24,22.38,23.5,"44,238,400"
10/8/2011,23.88,24,23.13,23.63,"26,807,600"
11/8/2011,23.5,23.75,23.38,23.75,"26,361,000"
15/8/2011,24.38,24.75,24.13,24.63,"16,202,600"
16/8/2011,24.63,25.13,24.5,24.63,"30,721,600"
17/8/2011,25,25.63,25,25.13,"25,605,000"
18/8/2011,25.5,25.75,25.25,25.63,"27,797,400"
19/8/2011,25.25,25.5,24.88,25.25,"22,687,600"
22/8/2011,25.13,25.25,24.63,25,"15,836,800"
23/8/2011,25.13,25.38,25,25.13,"17,324,400"
24/8/2011,25.13,25.38,24.88,25,"12,107,000"
25/8/2011,25.25,25.5,24.88,24.88,"22,795,200"
26/8/2011,24.5,25.38,24.25,25.38,"31,084,000"
29/8/2011,25.38,25.38,25,25.13,"6,410,200"
30/8/2011,25.25,25.38,24.88,24.88,"7,916,400"
31/8/2011,25.25,25.75,25.13,25.63,"20,026,200"
1/9/2011,26,26.25,25.75,25.75,"31,386,400"
2/9/2011,25.88,25.88,24.88,25.38,"36,389,800"
5/9/2011,25.38,25.5,25,25.25,"7,551,200"
6/9/2011,25.13,25.5,25,25.5,"8,123,400"
7/9/2011,25.63,25.63,25.38,25.63,"8,819,600"
8/9/2011,25.25,25.5,25.13,25.5,"20,357,200"
9/9/2011,25.63,25.63,25.25,25.63,"17,162,800"
12/9/2011,25.38,25.5,25.25,25.5,"10,475,800"
13/9/2011,25.38,25.75,25.13,25.25,"17,116,800"
14/9/2011,25.38,25.38,24.25,24.63,"34,320,200"
15/9/2011,25,25,24.5,24.88,"8,676,000"
16/9/2011,25.13,25.13,24.63,24.75,"8,402,600"
19/9/2011,24.5,24.75,24.5,24.5,"6,623,000"
20/9/2011,24.38,25.13,24.38,25.13,"12,176,800"
21/9/2011,25,25.13,24.75,25.13,"11,318,000"
22/9/2011,24.63,24.88,24.25,24.38,"28,230,200"
23/9/2011,24.5,24.5,23.75,24.5,"41,121,800"
26/9/2011,24.13,24.13,23,24,"33,080,400"
27/9/2011,24.25,24.38,22.88,23.88,"42,822,600"
28/9/2011,23.38,23.88,23.25,23.38,"18,718,800"
29/9/2011,23.13,24.13,23.13,23.75,"16,942,600"
30/9/2011,24,24.25,23.63,24,"19,267,600"
3/10/2011,23.13,23.5,22.25,22.25,"27,143,400"
4/10/2011,22.5,22.63,21.38,21.88,"25,574,600"
5/10/2011,22.25,22.63,22,22.63,"11,274,800"
6/10/2011,23,23.63,22.63,23.38,"16,309,600"
7/10/2011,23.75,24.25,23.38,23.75,"16,897,600"
10/10/2011,23.38,23.88,23.38,23.63,"7,630,800"
11/10/2011,24,24.63,24,24.25,"15,294,800"
12/10/2011,24.38,24.63,23.75,24.13,"16,553,600"
13/10/2011,24.25,24.38,23.75,24.25,"21,178,600"
14/10/2011,24,24.5,23.75,24.5,"14,153,400"
17/10/2011,24.25,24.5,24.13,24.5,"11,242,000"
18/10/2011,24,24.25,23.63,24.25,"16,291,000"
19/10/2011,24.13,24.25,23,23.25,"13,783,800"
20/10/2011,22.88,23,22.25,22.5,"21,857,400"
21/10/2011,22.5,22.88,22.38,22.75,"9,661,400"
25/10/2011,22.75,23.13,22.63,22.88,"20,624,200"
26/10/2011,22.88,23,22.5,22.5,"9,779,000"
27/10/2011,23,23,22.5,22.63,"17,141,400"
28/10/2011,23,23.5,22.88,23.13,"22,147,000"
31/10/2011,23.5,23.5,23,23.5,"11,857,200"
1/11/2011,23.75,23.75,23,23.13,"19,374,800"
2/11/2011,22.75,23.25,22.5,22.88,"17,299,200"
3/11/2011,22.63,23,22.5,23,"13,706,000"
4/11/2011,23.13,23.25,22.63,22.63,"16,362,200"
7/11/2011,22.5,22.75,22.5,22.5,"7,106,400"
8/11/2011,22.75,23.63,22.75,23.63,"14,729,400"
9/11/2011,23.5,23.75,23.25,23.38,"9,245,000"
10/11/2011,23,23.5,23,23.38,"7,297,600"
11/11/2011,23.63,24.13,23.5,24.13,"16,404,800"
14/11/2011,24.25,24.38,24,24,"8,536,000"
15/11/2011,24.25,24.25,23.75,24,"3,065,000"
16/11/2011,24,24.38,23.88,24.38,"12,298,000"
17/11/2011,24.5,24.75,24.38,24.38,"13,251,000"
18/11/2011,24.25,24.38,24,24.13,"12,774,000"
21/11/2011,24,24.25,24,24.13,"7,443,600"
22/11/2011,24.25,24.63,24,24.5,"13,891,800"
23/11/2011,24.5,24.5,24,24.38,"13,087,200"
24/11/2011,24.38,24.38,24,24.13,"9,059,600"
25/11/2011,24.25,24.5,24,24.25,"6,550,800"
28/11/2011,24.5,25.13,24.5,25,"20,656,800"
29/11/2011,25,25.38,25,25,"9,848,200"
30/11/2011,25,25.25,24.88,25,"19,182,800"
1/12/2011,25.75,25.75,25,25,"17,339,000"
2/12/2011,25,25.5,25,25.38,"9,144,800"
6/12/2011,25.63,25.63,25.13,25.25,"7,380,000"
7/12/2011,25.38,25.5,24.88,25.5,"18,084,000"
8/12/2011,25.38,25.5,25.25,25.5,"7,978,800"
9/12/2011,25.5,25.63,25.25,25.63,"10,071,200"
13/12/2011,25.75,26.63,25.5,26,"33,547,800"
14/12/2011,26.13,26.38,25.88,26,"12,027,400"
15/12/2011,25.75,26.63,25.75,26.5,"10,352,600"
16/12/2011,26.63,26.75,26.13,26.13,"12,334,600"
19/12/2011,26,26.5,25.88,25.88,"10,015,400"
20/12/2011,25.88,26.13,25.75,25.75,"6,380,000"
21/12/2011,26.38,26.5,26.13,26.5,"4,678,800"
22/12/2011,26.25,26.38,25.63,25.88,"11,790,800"
23/12/2011,25.75,26,25.63,25.63,"4,455,200"
26/12/2011,25.63,25.88,25.5,25.63,"2,314,600"
27/12/2011,25.63,25.75,25.25,25.63,"5,599,000"
28/12/2011,25.5,25.63,25.25,25.63,"3,303,200"
29/12/2011,25.63,25.88,25.5,25.63,"7,176,200"
30/12/2011,25.75,25.88,25.63,25.88,"3,403,200"
4/1/2012,26.13,26.13,25.88,26.13,"6,055,400"
5/1/2012,26.5,27.5,26.38,27.38,"18,475,400"
6/1/2012,27,27.25,26.88,27.25,"7,522,800"
9/1/2012,27.13,27.38,26.5,26.88,"14,628,800"
10/1/2012,27.13,27.13,26.75,27.13,"9,204,400"
11/1/2012,27.25,27.5,27.13,27.25,"8,849,400"
12/1/2012,27.38,27.75,27.25,27.5,"10,924,400"
13/1/2012,27.75,27.75,27.25,27.38,"6,630,800"
16/1/2012,27.5,27.5,27.13,27.13,"4,032,200"
17/1/2012,27.25,27.75,27.25,27.75,"8,232,000"
18/1/2012,27.88,28,27.63,27.75,"6,657,000"
19/1/2012,27.88,28,27.38,27.88,"9,605,800"
20/1/2012,27.63,28,27.5,27.88,"10,190,200"
23/1/2012,28,28.38,27.63,28,"5,615,800"
24/1/2012,28.13,28.38,27.88,28.38,"5,223,000"
25/1/2012,28.38,28.63,27.88,28.13,"11,683,000"
26/1/2012,28,28.13,27.5,27.75,"18,266,200"
27/1/2012,28,28.13,27.88,28,"17,911,800"
30/1/2012,28.13,28.25,28,28.25,"7,311,600"
31/1/2012,28.63,29.25,28.25,29.25,"17,614,800"
1/2/2012,29.25,30.13,28.88,30,"25,279,800"
2/2/2012,30,30,29.5,29.5,"18,592,000"
3/2/2012,30,30.13,29.25,30,"29,605,400"
6/2/2012,30.25,30.25,29.13,29.25,"24,301,000"
7/2/2012,29.13,29.25,28.88,29,"19,843,600"
8/2/2012,29.25,29.38,28.88,29,"14,822,400"
9/2/2012,28.75,28.88,28.25,28.25,"41,800,400"
10/2/2012,28.25,28.75,28,28.75,"41,350,800"
13/2/2012,28.75,28.75,28.25,28.38,"16,288,600"
14/2/2012,28.5,28.63,28.25,28.63,"10,146,200"
15/2/2012,29,29.13,28.75,29,"14,351,200"
16/2/2012,29,29.38,28.75,29.25,"19,925,200"
17/2/2012,29.63,29.75,29.13,29.5,"19,012,000"
20/2/2012,29.5,29.75,29.38,29.63,"9,179,200"
21/2/2012,29.63,29.63,29.13,29.38,"9,365,000"
22/2/2012,31,31.63,30.25,30.25,"43,873,600"
23/2/2012,30.63,31.25,30.5,30.75,"36,742,600"
24/2/2012,31.25,31.38,30.88,31,"27,744,800"
27/2/2012,30.75,31.5,30.63,31.5,"13,014,000"
28/2/2012,31.75,32.25,31.75,32.13,"21,051,800"
29/2/2012,32.38,33.25,32.13,33.13,"42,735,800"
1/3/2012,33.13,33.13,32.5,32.75,"30,037,800"
2/3/2012,32.75,32.88,32.5,32.75,"19,479,800"
5/3/2012,32.75,32.88,32.63,32.63,"15,792,400"
6/3/2012,32.63,32.75,32.38,32.63,"12,074,400"
8/3/2012,32.88,33,32.75,32.88,"18,450,000"
9/3/2012,33,33,32.75,32.88,"11,272,200"
12/3/2012,32.88,33.13,32.63,32.75,"22,106,000"
13/3/2012,32.88,32.88,32.63,32.75,"11,233,000"
14/3/2012,32.75,32.88,32.38,32.75,"10,697,400"
15/3/2012,32.75,32.75,32.25,32.25,"19,454,800"
16/3/2012,32.5,32.63,32.38,32.5,"19,843,800"
19/3/2012,32.5,32.63,32.25,32.25,"9,381,400"
20/3/2012,32.38,32.5,31.88,32.13,"16,382,000"
21/3/2012,32.13,32.25,31.88,32,"10,546,000"
22/3/2012,32.25,32.25,31.75,31.88,"19,771,400"
23/3/2012,31.88,32.13,31.75,32,"12,808,200"
26/3/2012,32,32,31.75,31.88,"11,463,200"
27/3/2012,32.38,33,32.13,33,"43,261,600"
28/3/2012,33,33,32.5,32.63,"15,007,600"
29/3/2012,32.5,32.63,32.25,32.63,"18,692,600"
30/3/2012,32.75,32.75,32.25,32.75,"16,448,000"
2/4/2012,32.75,32.75,32.63,32.63,"6,047,000"
3/4/2012,32.88,34,32.75,33.88,"32,080,600"
4/4/2012,33.75,34.13,33.63,33.75,"14,482,200"
5/4/2012,33.75,33.88,33.25,33.5,"12,063,600"
10/4/2012,33.5,33.5,32.5,32.88,"16,938,600"
11/4/2012,32.5,32.88,32.25,32.63,"13,198,000"
12/4/2012,32.63,33.13,32.5,33.13,"10,922,800"
17/4/2012,33.25,33.25,32.63,32.63,"16,605,400"
18/4/2012,32.88,33,32.63,32.88,"9,941,000"
19/4/2012,33,33.75,32.88,33.75,"10,756,200"
20/4/2012,34.13,34.75,33.88,34.75,"25,453,800"
23/4/2012,34.88,35.13,34.5,34.88,"20,164,200"
24/4/2012,34.88,35.5,34.88,35.5,"17,936,000"
25/4/2012,35.75,37,35.63,37,"54,466,000"
26/4/2012,36.63,36.63,36.13,36.38,"35,356,000"
27/4/2012,36.63,37.25,36.38,37.25,"15,378,400"
30/4/2012,37.38,38.25,37.38,38.25,"32,611,000"
2/5/2012,38.38,38.63,37.75,38.25,"46,517,400"
3/5/2012,39,44.75,38.25,39.25,"173,201,400"
4/5/2012,39.25,39.25,37.25,37.25,"78,935,900"
8/5/2012,37.5,39.25,37.25,38.5,"57,844,600"
9/5/2012,38.75,39,36,36,"75,986,700"
10/5/2012,35.25,36.25,34.75,35.75,"53,176,300"
11/5/2012,35.5,37,35.5,37,"25,280,900"
14/5/2012,37,37.5,35.5,35.75,"24,114,200"
15/5/2012,36,36.5,35.5,36.25,"14,992,400"
16/5/2012,35.75,36.5,35,36.5,"21,349,200"
17/5/2012,36,36.25,35.5,36,"19,904,500"
18/5/2012,35.25,35.75,35,35.25,"20,848,400"
21/5/2012,35.5,35.75,35,35.25,"16,632,600"
22/5/2012,35.75,35.75,34.5,34.75,"21,848,000"
23/5/2012,34.5,34.75,33,33.75,"33,310,800"
24/5/2012,33.5,35,33.5,34.75,"19,619,200"
25/5/2012,34.25,35.75,34,35.25,"21,208,800"
28/5/2012,35,35.75,34.75,35.75,"14,959,000"
29/5/2012,36,36.25,35.5,36,"9,561,600"
30/5/2012,35.75,35.75,35,35.5,"11,713,700"
31/5/2012,35,35,34.25,34.25,"40,115,600"
1/6/2012,34.5,34.5,33.5,33.5,"17,646,300"
5/6/2012,33.75,34,32.5,32.75,"27,228,700"
6/6/2012,33.25,34.25,33.25,33.75,"27,609,800"
7/6/2012,34.25,34.5,33.5,33.75,"25,636,100"
8/6/2012,33.75,34.25,33.5,34,"24,187,100"
11/6/2012,34.5,34.75,34.25,34.5,"34,005,500"
12/6/2012,34.25,34.5,34,34.5,"18,812,800"
13/6/2012,34.5,35.25,34.5,35,"22,266,400"
14/6/2012,34.5,35.75,34.5,35.25,"22,559,400"
15/6/2012,35.5,36,35,36,"130,889,500"
18/6/2012,36.5,36.75,35.25,35.5,"15,655,300"
19/6/2012,35.75,35.75,34.75,35.25,"17,370,500"
20/6/2012,35.25,35.5,34.75,35.5,"19,339,100"
21/6/2012,35.25,35.25,34.75,35,"15,369,100"
22/6/2012,34.5,35,34.5,34.75,"11,165,700"
25/6/2012,34.75,35.5,34.75,35.25,"7,004,700"
26/6/2012,35.25,35.5,35,35.25,"6,963,100"
27/6/2012,35.25,35.75,35,35.75,"22,404,200"
28/6/2012,36,36.75,35.5,36.75,"31,581,300"
29/6/2012,36.25,37,35.5,35.5,"118,049,100"
2/7/2012,36,36.25,35.5,35.75,"15,182,900"
3/7/2012,36,36.5,36,36.5,"18,070,800"
4/7/2012,36.25,36.5,35.5,36,"19,155,300"
5/7/2012,35.75,36,35.25,35.5,"18,067,000"
6/7/2012,35.5,35.75,35,35.25,"16,235,700"
9/7/2012,35,35.75,34.75,35.75,"8,287,600"
10/7/2012,35.75,36,35.5,36,"17,060,100"
11/7/2012,36,36.25,35.75,36.25,"10,245,900"
12/7/2012,36,36,35.5,35.5,"7,886,400"
13/7/2012,35.5,36,35.5,35.75,"7,071,500"
16/7/2012,35.75,36,35.5,35.75,"5,087,000"
17/7/2012,36,36.5,35.75,36.25,"12,666,800"
18/7/2012,36.25,36.25,35.75,36,"9,287,100"
19/7/2012,36.25,36.25,35.5,35.5,"9,656,100"
20/7/2012,35.75,36.25,35.5,36.25,"17,385,600"
23/7/2012,35.75,36,35.25,35.75,"17,149,300"
24/7/2012,35.75,35.75,35.25,35.25,"14,235,100"
25/7/2012,35.25,35.5,33.75,34.25,"26,438,300"
26/7/2012,34.5,34.75,32.75,34,"26,794,500"
27/7/2012,34.25,34.25,32.75,33.25,"22,390,200"
30/7/2012,33.25,33.5,32.75,33.25,"18,118,400"
31/7/2012,33.25,34.25,33.25,34,"25,574,300"
1/8/2012,34.25,35,34,34.75,"31,778,500"
3/8/2012,35,35.25,34.5,35.25,"12,552,000"
6/8/2012,35.5,35.5,35,35,"11,063,200"
7/8/2012,35,35,33.5,33.75,"25,791,700"
8/8/2012,33.25,33.75,32.5,32.75,"59,029,100"
9/8/2012,33,33.5,32.75,33,"28,497,700"
10/8/2012,33.25,33.25,32.5,33,"41,783,700"
14/8/2012,34,34,33.25,33.75,"33,974,700"
15/8/2012,33.5,33.75,33,33.75,"21,124,000"
16/8/2012,33.75,34.25,33.5,34,"22,551,600"
17/8/2012,34.25,34.5,33.75,33.75,"17,346,600"
20/8/2012,33.75,34.5,33.75,34.25,"11,323,700"
21/8/2012,34.25,34.5,33.75,33.75,"16,181,600"
22/8/2012,34,34,33.5,33.75,"19,681,700"
23/8/2012,33.75,34.5,33.75,34.5,"19,397,200"
24/8/2012,34.25,34.5,33.75,34,"21,999,700"
27/8/2012,34,34.25,33.75,34,"9,286,100"
28/8/2012,34,34.25,33.75,34,"11,219,200"
29/8/2012,34,34.25,33.75,33.75,"23,867,000"
30/8/2012,33.75,34,33.25,33.75,"12,756,100"
31/8/2012,33.75,34.5,33.5,34.5,"17,363,900"
3/9/2012,34.5,34.75,34,34.25,"8,515,500"
4/9/2012,34.25,34.75,34,34.25,"15,013,300"
5/9/2012,34.25,34.5,33.75,34,"13,773,700"
6/9/2012,34.25,34.5,34,34.25,"11,996,200"
7/9/2012,34.25,35.5,34.25,34.75,"25,207,700"
10/9/2012,35.25,35.5,35,35.25,"13,797,500"
11/9/2012,35.25,35.5,35,35.25,"17,317,900"
12/9/2012,35.25,35.5,35,35.25,"7,422,600"
13/9/2012,35.25,35.25,34.5,34.75,"17,503,800"
14/9/2012,35,35.25,34.75,35,"28,331,500"
17/9/2012,35,35.25,34,34,"22,466,200"
18/9/2012,34,34.5,34,34,"10,522,700"
19/9/2012,34.25,34.5,34,34,"15,515,200"
20/9/2012,34.25,34.25,33.75,34,"13,875,200"
21/9/2012,34.25,34.25,33.5,34,"24,290,400"
24/9/2012,34,34,33.5,33.75,"22,298,600"
25/9/2012,34,34,33.5,34,"13,484,400"
26/9/2012,34.25,34.25,33.5,34,"17,679,200"
27/9/2012,34,35,34,34.5,"23,558,200"
28/9/2012,34.75,35.5,34.5,35.5,"41,250,800"
1/10/2012,35.5,36,35.25,36,"26,409,400"
2/10/2012,36,36.5,35.75,36.25,"23,975,500"
3/10/2012,36.5,37.5,36.25,37.5,"45,516,000"
4/10/2012,38,38.5,37.75,38.5,"30,065,100"
5/10/2012,38.75,38.75,37.5,38,"28,575,200"
8/10/2012,38,38.5,37.75,38.25,"25,633,900"
9/10/2012,38.5,38.5,37.5,38,"20,114,300"
10/10/2012,37.5,38.25,37.25,37.5,"15,544,400"
11/10/2012,37.5,39,37.25,38.75,"37,737,200"
12/10/2012,39,40,38.75,39.25,"43,058,800"
15/10/2012,39,39.5,38.5,39.5,"19,657,400"
16/10/2012,39.75,39.75,39,39.75,"9,584,200"
17/10/2012,39.75,40,39.25,39.5,"12,095,600"
18/10/2012,39.75,40.25,39.25,39.5,"28,161,900"
19/10/2012,39.5,39.75,38.25,38.75,"25,653,900"
22/10/2012,38.75,39.5,38.5,39.5,"17,924,800"
24/10/2012,39.75,40.25,39.5,40,"32,292,200"
25/10/2012,39.75,40.25,39.5,40.25,"17,799,300"
26/10/2012,40,40.25,39,40,"20,184,500"
29/10/2012,40,40,38.25,39.25,"21,367,400"
30/10/2012,39,39.75,39,39.75,"5,510,100"
31/10/2012,39.5,39.75,39.5,39.75,"6,225,500"
1/11/2012,39.5,40,39.5,40,"10,178,000"
2/11/2012,40,40.75,39.75,40.75,"39,305,400"
5/11/2012,40.75,41,40.25,40.75,"9,405,800"
6/11/2012,40.75,40.75,39.75,40.25,"21,203,800"
7/11/2012,40.75,41.25,39.75,39.75,"52,504,400"
8/11/2012,39.5,40,39.25,39.75,"24,653,500"
9/11/2012,39.75,40.25,39.25,40.25,"18,521,800"
12/11/2012,40.75,41,40.5,40.75,"21,323,400"
13/11/2012,40.75,40.75,40.25,40.25,"12,010,700"
14/11/2012,40.5,41.25,40.25,40.5,"20,379,400"
15/11/2012,40.5,40.75,39.75,40.25,"12,188,600"
16/11/2012,40.25,40.5,40,40.5,"9,343,600"
19/11/2012,40.5,41,40.25,40.75,"10,194,200"
20/11/2012,40.75,41.25,40.5,40.75,"12,754,800"
21/11/2012,40.75,40.75,39.75,40,"15,099,100"
22/11/2012,40,40.25,39,39,"429,148,300"
23/11/2012,38,40,37.75,40,"32,366,800"
26/11/2012,40.25,40.75,39.5,40.75,"25,427,300"
27/11/2012,40.75,41,40.25,40.5,"26,008,200"
28/11/2012,40.25,40.75,40,40.75,"20,404,000"
29/11/2012,39.25,39.75,39,39.5,"137,025,000"
30/11/2012,39.25,40.25,39,39.5,"48,591,000"
3/12/2012,39.75,40.75,39.5,40.25,"14,000,200"
4/12/2012,40.5,40.5,39.75,40.25,"11,611,900"
6/12/2012,40.5,41,40.25,40.5,"24,696,200"
7/12/2012,40.75,41,40,41,"21,535,000"
11/12/2012,42.25,42.5,41.5,42,"43,144,100"
12/12/2012,42.25,42.5,41.75,42.5,"20,686,100"
13/12/2012,42.25,42.5,41.75,42,"21,205,900"
14/12/2012,42.5,44.5,42.5,43.75,"51,286,700"
17/12/2012,44,45.25,43.75,45.25,"47,330,600"
18/12/2012,46,46.25,45,46.25,"30,227,100"
19/12/2012,46.25,47,46,47,"28,696,200"
20/12/2012,46.75,47,45.75,46.5,"32,900,100"
21/12/2012,45.75,46,45,45.25,"31,312,600"
24/12/2012,45.25,45.5,44.25,44.75,"17,677,400"
25/12/2012,44.75,44.75,44,44.25,"13,247,600"
26/12/2012,44.25,46.25,44.25,46,"19,901,700"
27/12/2012,46.25,47.25,45.75,46.25,"47,436,500"
28/12/2012,46.25,46.5,45.25,46,"20,121,000"
2/1/2013,46.25,46.25,45.75,45.75,"8,800,200"
3/1/2013,46,46,44.5,44.5,"23,589,600"
4/1/2013,44.25,44.75,44,44.75,"24,372,400"
7/1/2013,45,45.5,44.5,45.25,"13,662,200"
8/1/2013,45.25,46,45,46,"15,380,800"
9/1/2013,46.5,46.5,45.5,45.75,"13,805,000"
10/1/2013,46,46,44.75,45,"17,749,500"
11/1/2013,45,45.25,44.25,45,"22,115,400"
14/1/2013,45,45.25,44.5,45.25,"11,722,600"
15/1/2013,45.25,45.25,44.75,45.25,"9,214,100"
16/1/2013,45.25,45.25,44.25,44.75,"12,674,200"
17/1/2013,45,45.75,44.75,45.75,"16,249,900"
18/1/2013,45.75,46.5,45.25,46.25,"29,021,100"
21/1/2013,46.5,48,46.5,47.5,"31,877,800"
22/1/2013,47.75,48.5,47.5,47.75,"20,314,900"
23/1/2013,47.75,48,47,48,"18,060,900"
24/1/2013,48.5,48.5,47.75,48,"32,935,000"
25/1/2013,48.25,49.25,48,49,"30,046,600"
28/1/2013,49,49.25,48,48.25,"28,474,700"
29/1/2013,48.75,48.75,47.75,48,"32,595,500"
30/1/2013,48,48.25,47.25,47.25,"39,683,500"
31/1/2013,46.75,47,46.5,46.75,"31,813,300"
1/2/2013,47.5,47.75,47,47.5,"16,927,800"
4/2/2013,48,48.75,48,48.5,"20,170,000"
5/2/2013,48,48,47.5,47.75,"17,451,700"
6/2/2013,47.75,48,47,47,"16,323,800"
7/2/2013,47,47.25,46.5,47,"13,166,000"
8/2/2013,47,47.25,46.25,47,"28,656,100"
11/2/2013,47.25,48,47,47.25,"17,627,600"
12/2/2013,47.75,48.25,47.5,47.75,"7,781,700"
13/2/2013,48.25,48.5,47.75,48.25,"13,029,200"
14/2/2013,48.5,48.5,47.5,48.25,"12,549,300"
15/2/2013,48.25,48.75,48,48.5,"11,129,600"
18/2/2013,48.5,49.75,48.25,49.25,"21,634,600"
19/2/2013,49.5,50,49.25,49.5,"10,643,800"
20/2/2013,50,52,49.25,52,"53,425,800"
21/2/2013,51.25,51.75,49.25,49.75,"35,949,400"
22/2/2013,48,48.25,47.5,47.75,"176,061,100"
26/2/2013,47.75,47.75,46.5,46.75,"84,214,400"
27/2/2013,47.25,47.25,46.75,46.75,"30,878,900"
28/2/2013,47,47.25,46.75,47.25,"25,418,700"
1/3/2013,47.25,48,47.25,47.75,"21,211,300"
4/3/2013,47.5,47.75,46.75,47,"24,467,200"
5/3/2013,48,48,47.25,47.75,"17,698,000"
6/3/2013,47.75,47.75,47.25,47.5,"10,908,100"
7/3/2013,47.75,47.75,47.25,47.5,"13,118,300"
8/3/2013,47.75,47.75,47,47.25,"13,501,600"
11/3/2013,47.25,47.5,46.5,46.5,"24,415,800"
12/3/2013,46.5,46.75,45,45.5,"46,220,100"
13/3/2013,45.25,46.75,45,46.75,"27,895,000"
14/3/2013,46.75,46.75,46,46,"20,324,700"
15/3/2013,46.25,46.5,45.25,45.75,"25,739,600"
18/3/2013,45.25,45.5,45,45.5,"18,985,200"
19/3/2013,45.75,45.75,44.75,44.75,"28,143,700"
20/3/2013,45.25,46.25,44.75,45.75,"42,826,300"
21/3/2013,45.75,46.5,45.25,46,"29,744,900"
22/3/2013,46,46.5,44.75,45,"42,351,300"
25/3/2013,46,46.25,44.75,45,"24,436,900"
26/3/2013,45,45.25,44.75,45,"30,994,000"
27/3/2013,45.25,45.5,44.75,45,"36,877,600"
28/3/2013,45.25,45.75,44.75,45.75,"25,297,500"
29/3/2013,45.75,46.25,45.5,46.25,"8,547,300"
1/4/2013,46.25,46.25,45.75,46,"9,158,300"
2/4/2013,46.25,47,46,46.75,"16,554,200"
3/4/2013,47,47.25,45.75,46.25,"18,163,600"
4/4/2013,45.25,46.25,45.25,46.25,"9,267,800"
5/4/2013,46,46,45,45,"18,001,600"
9/4/2013,45.75,45.75,45,45,"10,493,300"
10/4/2013,45.25,45.75,44.5,45.75,"11,910,000"
11/4/2013,45.75,46,45.5,46,"8,560,500"
12/4/2013,45.75,47,45.75,46,"12,146,000"
17/4/2013,46,46.5,45.5,45.5,"30,535,000"
18/4/2013,45.75,46.25,45.5,45.5,"14,971,300"
19/4/2013,45.75,46.5,45.5,46.25,"12,448,600"
22/4/2013,46.25,46.5,43,43.5,"98,194,500"
24/4/2013,38.5,40.5,38.5,39,"493,374,700"
25/4/2013,39.5,41.5,39.25,41,"341,364,800"
26/4/2013,41.25,44,41.25,43.75,"193,578,200"
29/4/2013,44.5,44.75,43.25,43.75,"115,995,200"
30/4/2013,43.75,44,42.25,44,"154,298,200"
2/5/2013,42.75,43,41.5,41.5,"129,961,700"
3/5/2013,41.75,42,41.25,41.5,"49,318,200"
7/5/2013,42,42.25,41.5,42,"89,076,300"
8/5/2013,42.25,42.25,41.5,41.5,"56,644,800"
9/5/2013,41.5,41.75,41.25,41.5,"63,230,400"
10/5/2013,41.5,41.75,40.5,41,"56,080,200"
13/5/2013,41.25,42.25,41,42,"91,961,300"
14/5/2013,42.25,43,42,43,"51,111,800"
15/5/2013,43.25,43.25,42.5,43,"53,810,000"
16/5/2013,43,43.25,42.5,43,"45,230,200"
17/5/2013,43,43.25,42.75,43,"22,802,400"
20/5/2013,43.25,43.75,43,43.5,"33,360,800"
21/5/2013,43.5,44.25,43.5,44,"69,246,500"
22/5/2013,44,44.5,43.5,43.5,"46,928,600"
23/5/2013,43.5,43.75,42.5,43.25,"47,818,100"
27/5/2013,43,43.5,42.5,43.5,"27,841,700"
28/5/2013,43.5,43.75,43.25,43.75,"32,278,600"
29/5/2013,43.5,44,43.25,43.75,"27,228,700"
30/5/2013,43.5,43.5,43,43.25,"17,314,900"
31/5/2013,43,43.25,42.75,43,"25,809,500"
3/6/2013,42.75,43,42,42,"30,807,500"
4/6/2013,42,42.5,41,41.75,"48,546,300"
5/6/2013,41.5,42.25,41,41.5,"36,991,800"
6/6/2013,41.25,41.5,40,40.75,"52,788,800"
7/6/2013,40.5,41.5,40.5,41.25,"28,663,100"
10/6/2013,41.75,42,41.5,41.75,"20,851,000"
11/6/2013,41.5,41.75,39.25,40.25,"44,572,500"
12/6/2013,40,41.75,40,41,"32,809,500"
13/6/2013,39.75,40.5,38.75,40.5,"46,204,600"
14/6/2013,40.75,41.25,39.75,40.25,"41,330,400"
17/6/2013,40.5,41.25,40,40.5,"33,859,700"
18/6/2013,40.5,40.5,38.5,38.5,"49,877,300"
19/6/2013,39,39,37.25,37.5,"71,178,400"
20/6/2013,36.75,36.75,34.5,34.5,"104,435,100"
21/6/2013,34.5,36.25,33.25,36.25,"104,429,300"
24/6/2013,36,37.25,35.75,36.25,"43,550,800"
25/6/2013,36.5,37.5,35.75,37.25,"68,396,800"
26/6/2013,37.75,39,37.75,39,"48,806,900"
27/6/2013,39.5,39.75,38.5,38.75,"50,467,200"
28/6/2013,39.5,39.5,38.75,39,"28,924,000"
2/7/2013,39.75,39.75,38.25,38.75,"21,266,200"
3/7/2013,38.25,38.75,37.25,38,"23,833,700"
4/7/2013,38,38,37,37.25,"12,682,300"
5/7/2013,37.75,37.75,36.5,36.75,"20,053,300"
8/7/2013,36.25,36.5,35.5,35.75,"17,771,000"
9/7/2013,35.75,36.5,35.5,35.75,"12,071,200"
10/7/2013,35.75,36.25,34.75,35.25,"16,579,600"
11/7/2013,36,37.5,36,37.25,"23,565,800"
12/7/2013,37.5,37.75,37,37.5,"24,743,000"
15/7/2013,37.75,37.75,37.25,37.5,"10,772,200"
16/7/2013,37.75,38,37.5,37.75,"12,881,800"
17/7/2013,38,38,37,37.25,"13,896,100"
18/7/2013,37.5,38.75,37.25,38.5,"39,073,900"
19/7/2013,38.75,38.75,37.5,37.5,"24,334,600"
23/7/2013,38,38.5,37.75,38.25,"34,826,100"
24/7/2013,38.25,38.5,38,38.25,"21,016,300"
25/7/2013,38.25,38.25,37.25,37.25,"22,803,000"
26/7/2013,37.25,37.75,37.25,37.5,"27,322,300"
29/7/2013,37.25,37.5,37,37.25,"10,266,500"
30/7/2013,37.75,37.75,36,36.5,"23,698,600"
31/7/2013,36.5,36.5,34.5,35,"39,892,500"
1/8/2013,35,35.25,34,34,"33,562,800"
2/8/2013,34.5,34.75,33.5,34,"44,705,000"
5/8/2013,34.25,35.5,34,35.25,"22,583,100"
6/8/2013,35,37.25,35,37,"31,479,100"
7/8/2013,36.75,37,36.25,36.75,"8,784,500"
8/8/2013,36.5,36.75,35.75,36,"24,269,600"
9/8/2013,36.25,36.25,35.75,35.75,"12,359,500"
13/8/2013,36,38.25,35.75,38.25,"37,920,700"
14/8/2013,38.5,39.5,37.75,39,"39,519,100"
15/8/2013,38.75,39,38.5,38.75,"15,593,200"
16/8/2013,38.5,38.75,38,38.25,"12,784,400"
19/8/2013,38,38,36.25,36.25,"36,309,800"
20/8/2013,35.75,36.25,35,35.75,"34,020,500"
21/8/2013,35.5,36.5,35.25,36,"26,145,100"
22/8/2013,35.25,35.75,34.75,35.25,"35,122,100"
23/8/2013,35.5,35.75,34.5,34.5,"36,220,200"
26/8/2013,35,35.5,34.75,35,"20,058,300"
27/8/2013,35.25,35.25,33,34,"44,338,500"
28/8/2013,33,33.75,32,32.75,"48,002,600"
29/8/2013,33,34.25,32.25,34,"36,536,300"
30/8/2013,34,34.5,32.25,32.75,"52,902,600"
2/9/2013,33,33.75,32.75,33.25,"31,320,100"
3/9/2013,34,34.75,33.75,34.25,"37,133,400"
4/9/2013,34.25,34.25,33,33.75,"24,157,900"
5/9/2013,33.75,33.75,33,33.5,"23,163,800"
6/9/2013,33.5,33.75,33,33.5,"28,028,500"
9/9/2013,33.75,34.5,33.75,34.5,"20,192,800"
10/9/2013,34.75,36,34.75,36,"33,123,600"
11/9/2013,35.75,35.75,34.25,35.75,"33,718,300"
12/9/2013,35.5,35.5,34.25,34.5,"22,754,400"
13/9/2013,34.75,34.75,33.75,34,"27,812,400"
16/9/2013,34.75,35.25,34.5,35,"38,384,100"
17/9/2013,35.25,35.75,34.75,35.75,"46,552,700"
18/9/2013,36,36,35.5,35.5,"45,903,600"
19/9/2013,37,40,36.75,39.75,"93,566,500"
20/9/2013,39.5,39.75,38.5,39.75,"34,750,000"
23/9/2013,39.25,39.5,38.25,39,"48,438,700"
24/9/2013,38.5,38.75,37.75,37.75,"42,021,500"
25/9/2013,37.5,37.75,36.75,37.75,"23,631,600"
26/9/2013,37.25,37.25,35.25,35.25,"40,148,000"
27/9/2013,35.5,36.5,35.5,36,"41,951,300"
30/9/2013,35.25,35.75,35,35.25,"26,526,700"
1/10/2013,35.5,36.75,35.25,36.75,"30,049,200"
2/10/2013,36.75,37.25,36.75,36.75,"37,747,400"
3/10/2013,37,37.75,36.75,37,"29,903,700"
4/10/2013,37,37.5,37,37,"18,630,000"
7/10/2013,36.75,37,36.25,36.25,"17,756,700"
8/10/2013,36.5,38,36.25,37.75,"27,453,600"
9/10/2013,38,38.25,37.5,38.25,"35,758,700"
10/10/2013,38.5,39.5,38.25,39.25,"42,320,100"
11/10/2013,39.75,39.75,38.75,38.75,"19,930,700"
14/10/2013,38.75,39,38.5,39,"8,196,000"
15/10/2013,39.25,39.5,38.75,39.25,"15,294,700"
16/10/2013,39,39.25,38.5,38.5,"8,327,500"
17/10/2013,38.5,39,38.25,38.5,"16,668,800"
18/10/2013,38.75,39,38.25,39,"7,607,600"
21/10/2013,39,39,37.5,37.75,"14,290,500"
22/10/2013,37.5,38.75,37.5,38.5,"20,269,400"
24/10/2013,38.25,39.75,38,39.75,"32,855,300"
25/10/2013,39.25,39.75,38.75,39,"15,467,700"
28/10/2013,39.25,39.5,38.5,38.75,"11,236,900"
29/10/2013,38.5,39,38.25,39,"16,651,100"
30/10/2013,38.75,39,38,38.75,"13,594,700"
31/10/2013,38.5,39.25,38.25,39.25,"12,464,200"
1/11/2013,39.25,39.25,38.5,38.75,"17,470,600"
4/11/2013,38.25,38.5,37.5,37.5,"11,567,000"
5/11/2013,37.5,38,37.5,38,"19,765,700"
6/11/2013,38,39.75,37.75,39.75,"25,991,300"
7/11/2013,39.75,41.75,39.75,41.5,"80,987,800"
8/11/2013,41,41.25,40,40.5,"23,255,100"
11/11/2013,39.75,40.75,39,40.25,"32,164,100"
12/11/2013,40.5,41,40.5,41,"11,010,700"
13/11/2013,40.75,41.25,40.25,40.25,"15,768,100"
14/11/2013,40.5,41.5,40.25,41.25,"22,248,200"
15/11/2013,41.75,42.25,40.75,41.25,"37,976,500"
18/11/2013,41.5,42,41,42,"12,978,400"
19/11/2013,41.75,42.25,41.5,42,"16,778,100"
20/11/2013,42,42.5,41.75,42.25,"23,908,700"
21/11/2013,42,42.25,41.5,41.75,"18,994,300"
22/11/2013,41.75,41.75,40.25,41,"24,317,200"
25/11/2013,41.25,41.75,40.75,41.25,"13,283,500"
26/11/2013,41,42,40.75,42,"38,501,900"
27/11/2013,41.5,41.75,41.25,41.5,"30,313,600"
28/11/2013,41.25,41.75,40.25,40.75,"31,165,400"
29/11/2013,40.75,41.25,40.75,40.75,"24,377,000"
2/12/2013,40.5,41.25,40.25,40.75,"24,120,200"
3/12/2013,41,41.5,41,41,"30,489,100"
4/12/2013,41,42.75,41,41.75,"34,735,100"
6/12/2013,41.75,42,41.25,41.5,"15,106,200"
9/12/2013,41.75,42,41.25,42,"10,092,400"
11/12/2013,41.75,43.25,41.75,43.25,"24,652,700"
12/12/2013,43,43.5,42.75,43.25,"15,332,700"
13/12/2013,43.25,43.25,42.25,43,"15,262,800"
16/12/2013,43,43.25,42.75,43,"22,424,600"
17/12/2013,43,44,43,44,"25,211,900"
18/12/2013,44,44.25,43.75,43.75,"24,004,900"
19/12/2013,43.75,44,43.5,43.75,"15,315,900"
20/12/2013,43.75,44.5,43.75,44.25,"19,206,200"
23/12/2013,44.5,44.75,44.25,44.75,"25,438,300"
24/12/2013,44.5,44.75,44.5,44.5,"15,597,000"
25/12/2013,44.5,45.25,44.25,44.25,"129,197,700"
26/12/2013,44.25,44.25,42,42.75,"25,953,500"
27/12/2013,42.5,43,41.25,42,"31,904,000"
2/1/2014,41.75,42.5,39.5,40,"25,792,300"
3/1/2014,39.5,40,39,40,"21,058,100"
6/1/2014,40,40.5,39,40.25,"12,870,100"
7/1/2014,40.5,41.25,40,41,"10,208,900"
8/1/2014,41,41.25,40.25,40.5,"26,610,400"
9/1/2014,40.75,41.5,40.25,41,"19,198,100"
10/1/2014,39.75,39.75,38.5,39.75,"39,389,800"
13/1/2014,39.25,40.75,38.75,40.75,"16,377,500"
14/1/2014,40,40.75,39.5,39.75,"23,883,700"
15/1/2014,39.5,39.75,39,39.25,"18,520,100"
16/1/2014,39.25,40,39.25,39.75,"15,684,600"
17/1/2014,40,40,39.25,39.5,"10,911,900"
20/1/2014,39.75,40.5,39.75,40.25,"10,318,700"
21/1/2014,40.5,40.75,40,40.5,"13,339,700"
22/1/2014,39.75,40.25,39.75,39.75,"11,723,300"
23/1/2014,39.75,40.5,39.25,40.5,"19,552,900"
24/1/2014,40.5,40.5,40,40,"13,130,500"
27/1/2014,39.5,40,39.25,40,"21,999,300"
28/1/2014,40,40.25,39.5,39.75,"25,523,100"
29/1/2014,39.5,39.75,39.25,39.5,"9,363,900"
30/1/2014,39.25,39.25,38.5,39,"9,362,800"
31/1/2014,39,39.5,38.5,39.25,"12,369,800"
3/2/2014,39.25,40,39,39.5,"11,652,100"
4/2/2014,39.25,39.75,39,39,"13,384,900"
5/2/2014,39.5,39.75,38.75,39,"13,677,900"
6/2/2014,39.25,39.5,38.75,39.25,"15,748,100"
7/2/2014,39.5,40,39.25,39.75,"14,394,000"
10/2/2014,39.5,39.75,38.75,39,"14,716,600"
11/2/2014,39,39.25,38.25,38.75,"22,064,100"
12/2/2014,38.75,39,38.5,38.75,"10,141,600"
13/2/2014,38.75,39.25,38.5,38.5,"6,437,400"
17/2/2014,39,39.75,38.75,39.75,"12,517,300"
18/2/2014,39.5,39.5,39,39.25,"6,705,400"
19/2/2014,39.5,39.75,39,39.75,"9,973,300"
20/2/2014,39.5,39.75,38.5,39,"16,050,400"
21/2/2014,38.5,38.75,38.25,38.25,"14,668,800"
24/2/2014,38.25,38.5,38,38.25,"12,520,200"
25/2/2014,38.5,38.75,38.25,38.5,"8,350,300"
26/2/2014,38.5,38.75,38,38,"18,698,300"
27/2/2014,38,39,38,38.75,"11,165,600"
28/2/2014,38.75,39.25,38.5,39.25,"13,096,100"
3/3/2014,39.5,40.25,39,40,"32,474,500"
4/3/2014,40,40.75,40,40.5,"17,205,300"
5/3/2014,40.75,41.25,40.75,41,"13,448,600"
6/3/2014,41,41,40.25,40.5,"10,386,900"
7/3/2014,40.5,41,40.5,40.5,"5,185,000"
10/3/2014,40.5,40.75,39.75,40,"15,131,700"
11/3/2014,40,41.75,40,41.75,"18,474,400"
12/3/2014,41.75,42.5,41.5,41.75,"27,721,300"
13/3/2014,42,42.25,41.75,42,"23,289,200"
14/3/2014,41.75,42.25,41.5,42.25,"15,820,500"
17/3/2014,42,42.75,42,42.5,"13,992,000"
18/3/2014,42.75,43.5,42.5,43.5,"27,373,900"
19/3/2014,43.75,44,42.75,43.25,"19,432,200"
20/3/2014,43,43.25,42.25,42.75,"24,136,100"
21/3/2014,42.75,43.25,42.75,43.25,"13,638,600"
24/3/2014,43.25,43.75,42.5,43.5,"18,190,500"
25/3/2014,43.5,43.5,42.5,43,"10,325,000"
26/3/2014,43.25,43.75,42.5,42.75,"16,079,000"
27/3/2014,42.75,43,42,42,"18,164,000"
28/3/2014,42,43.25,42,42.75,"19,621,600"
31/3/2014,43,43.5,42.75,43.5,"9,226,100"
1/4/2014,43.25,43.75,42.75,43.75,"9,665,500"
2/4/2014,43.75,44.25,43.5,44,"19,300,900"
3/4/2014,44.25,44.5,43.75,44.5,"18,768,800"
4/4/2014,44.5,44.5,44.25,44.5,"12,912,100"
8/4/2014,44.5,44.5,43.75,43.75,"15,516,200"
9/4/2014,44,44.25,43.75,44,"8,889,000"
10/4/2014,44,44.25,43.5,44,"6,852,200"
11/4/2014,43.75,44,43.5,44,"7,429,900"
16/4/2014,43.75,44,43.5,43.5,"15,600,000"
17/4/2014,43.5,44.75,43.25,44.75,"26,303,500"
18/4/2014,44.5,44.5,44.25,44.5,"4,879,900"
21/4/2014,44.5,44.75,44.25,44.5,"7,522,000"
22/4/2014,44.75,45,43.75,44,"12,271,900"
23/4/2014,44.25,44.25,43.75,43.75,"10,635,800"
24/4/2014,43.75,44,43.75,44,"6,918,800"
25/4/2014,43.75,44.25,43.75,43.75,"8,274,300"
28/4/2014,43.75,44,42.5,42.5,"20,188,200"
29/4/2014,42.5,43.25,42.5,42.75,"15,554,700"
30/4/2014,42,42.5,41.75,42,"13,999,700"
2/5/2014,42.5,43.75,41.75,43.5,"18,257,800"
6/5/2014,43.75,43.75,43,43,"15,605,900"
7/5/2014,43.25,43.75,42.75,43.75,"13,745,100"
8/5/2014,43.75,43.75,41.75,43,"35,070,300"
9/5/2014,42.5,42.75,42,42.5,"15,647,200"
12/5/2014,42.5,42.75,42,42.25,"18,994,900"
14/5/2014,42.25,42.75,42,42.25,"16,899,700"
15/5/2014,42.25,43.25,42.25,42.75,"18,132,500"
16/5/2014,42.75,44,42.75,43.75,"34,773,900"
19/5/2014,43.75,44.25,43.75,44,"18,240,400"
20/5/2014,43.25,43.75,43,43.5,"28,308,500"
21/5/2014,43.5,44,43.5,43.5,"22,809,400"
22/5/2014,43.75,44,43.5,43.75,"20,204,200"
23/5/2014,43,43.75,43,43.5,"24,136,400"
26/5/2014,43.5,43.75,43.25,43.5,"25,548,400"
27/5/2014,43.5,44.75,43.5,44.75,"23,721,400"
28/5/2014,45,46,44.5,45,"44,653,900"
29/5/2014,45,45.75,44.75,45.75,"20,916,700"
30/5/2014,45.5,45.75,45.25,45.5,"14,634,700"
2/6/2014,45.75,46.5,45.5,46,"23,590,600"
3/6/2014,46.25,46.5,45.5,46,"26,125,300"
4/6/2014,46,46,45.75,46,"6,007,900"
5/6/2014,46,46.25,45.5,45.5,"12,937,700"
6/6/2014,45.75,45.75,44.75,45.25,"24,391,800"
9/6/2014,45.25,45.5,45,45.25,"5,077,200"
10/6/2014,45,46,45,46,"8,900,200"
11/6/2014,45.75,46,45.75,46,"10,609,500"
12/6/2014,46,46,45,45,"10,301,600"
13/6/2014,45,46,45,45.5,"9,693,400"
16/6/2014,45.75,47,45.75,46.25,"24,872,500"
17/6/2014,46.5,47.75,46.25,47.5,"32,583,600"
18/6/2014,47.75,47.75,46.75,47.25,"13,844,800"
19/6/2014,47.25,48,46.5,48,"15,069,700"
20/6/2014,47.75,48.25,47.5,48,"12,993,700"
23/6/2014,48,48.25,47.5,48,"6,754,200"
24/6/2014,48.25,48.25,47.75,48.25,"6,647,600"
25/6/2014,48.25,48.25,47.5,48,"9,657,000"
26/6/2014,47.75,48.25,47.75,47.75,"6,939,300"
27/6/2014,48,48.25,47.75,48,"8,802,600"
30/6/2014,48,48.25,47.75,48,"5,206,500"
2/7/2014,47.25,47.5,46.25,46.5,"31,979,000"
3/7/2014,46.75,47,46.5,46.75,"10,709,600"
4/7/2014,46.75,47,46.5,46.5,"7,198,600"
7/7/2014,46.5,47,46.5,46.5,"5,810,900"
8/7/2014,46.5,47.25,46.5,47,"6,024,400"
9/7/2014,47,47.5,46.75,47,"6,771,000"
10/7/2014,47.25,47.25,46.5,47,"5,240,100"
14/7/2014,47.25,47.5,47,47.5,"6,240,400"
15/7/2014,47.75,47.75,47.25,47.25,"6,818,600"
16/7/2014,47.5,47.75,47.25,47.75,"13,718,800"
17/7/2014,47.5,47.75,47.25,47.75,"9,625,500"
18/7/2014,47.25,47.75,47,47.5,"6,117,700"
21/7/2014,47.75,47.75,47.25,47.25,"7,008,500"
22/7/2014,47.5,47.75,46,46,"17,487,500"
23/7/2014,46.5,47,46.25,47,"8,109,400"
24/7/2014,47,47.25,46.5,46.75,"5,560,300"
25/7/2014,46.75,47.25,46.5,47.25,"4,374,900"
28/7/2014,47.25,47.75,47,47.75,"9,642,000"
29/7/2014,47.75,47.75,47.25,47.5,"7,684,500"
30/7/2014,47.5,47.5,46.5,46.75,"10,705,300"
31/7/2014,46.75,47.25,46,46.25,"17,021,200"
1/8/2014,46.25,46.5,45.75,46.5,"6,880,700"
4/8/2014,47,47.25,46.25,47.25,"8,800,500"
5/8/2014,47.25,47.25,47,47.25,"7,443,600"
6/8/2014,47.25,47.25,46.5,46.75,"6,047,600"
7/8/2014,46,46.75,45.5,46.75,"20,304,000"
8/8/2014,46.75,46.75,45.75,46,"7,854,100"
13/8/2014,46.5,47,46.25,46.5,"18,248,600"
14/8/2014,46.5,46.75,45.5,46,"14,628,100"
15/8/2014,46,46.25,45.75,45.75,"6,927,100"
18/8/2014,45.75,46.25,45.75,45.75,"7,494,600"
19/8/2014,46.5,46.5,45.75,45.75,"9,247,100"
20/8/2014,45.75,46.25,45.5,45.5,"12,404,600"
21/8/2014,45.5,46,45.5,45.75,"6,799,100"
22/8/2014,46,46,45.5,45.75,"21,642,000"
25/8/2014,45.75,46.75,45.75,46.5,"15,093,200"
26/8/2014,46.75,47.25,46.5,47,"18,570,900"
27/8/2014,47,47.75,47,47.75,"20,300,200"
28/8/2014,47.75,47.75,47.25,47.5,"15,138,200"
29/8/2014,47.25,47.5,47.25,47.5,"12,757,900"
1/9/2014,47.5,47.75,47.25,47.25,"10,731,300"
2/9/2014,47.25,47.5,46.5,46.5,"16,794,600"
3/9/2014,46.75,47,46.5,46.75,"14,684,400"
4/9/2014,46.75,46.75,46,46.5,"18,063,900"
5/9/2014,46.5,46.5,45.75,46.25,"22,491,500"
8/9/2014,46.25,46.5,45.5,45.75,"14,692,000"
9/9/2014,45.75,46.25,45.5,45.5,"8,581,900"
10/9/2014,45.5,45.75,45,45.5,"20,569,400"
11/9/2014,45.75,45.75,45.25,45.5,"14,198,000"
12/9/2014,45.5,45.5,45,45.25,"14,779,100"
15/9/2014,45.25,45.5,44.5,45.5,"14,181,400"
16/9/2014,45.5,45.5,44.75,44.75,"11,919,300"
17/9/2014,44.75,45.25,44.75,44.75,"9,791,500"
18/9/2014,45,45,44.75,44.75,"8,942,900"
19/9/2014,45,45,44.5,44.75,"10,700,300"
22/9/2014,44.75,45,44.75,45,"7,558,500"
23/9/2014,45,45.5,44.75,45,"20,660,200"
24/9/2014,45.25,45.75,45.25,45.25,"24,800,700"
25/9/2014,45.5,45.5,45,45.25,"7,965,100"
26/9/2014,45.25,45.5,45,45.5,"15,249,300"
29/9/2014,45.25,45.5,44.5,45,"20,894,400"
30/9/2014,45.25,45.25,44.75,44.75,"9,224,300"
1/10/2014,45,45,44.5,44.75,"8,393,000"
2/10/2014,44.75,45,43.5,43.5,"27,526,400"
3/10/2014,43.5,43.75,42.75,43.25,"22,001,000"
6/10/2014,43.5,43.5,42.75,43.25,"24,538,900"
7/10/2014,43.25,43.75,43,43.75,"24,464,100"
8/10/2014,43.5,44,43.25,43.5,"16,481,300"
9/10/2014,43.75,44.25,43.5,44.25,"14,886,300"
10/10/2014,43.75,44.25,43.75,44,"10,541,400"
13/10/2014,43.75,44,43.75,43.75,"13,728,100"
14/10/2014,44,44,43.5,43.75,"8,193,400"
15/10/2014,44,44.5,43.75,43.75,"6,078,500"
16/10/2014,43.75,44.5,43.75,43.75,"14,549,100"
17/10/2014,44,44.5,43.75,43.75,"10,759,500"
20/10/2014,44.25,44.25,43.75,43.75,"5,221,000"
21/10/2014,43.75,44,43.25,43.5,"17,810,300"
22/10/2014,43.75,44,43.5,43.5,"7,478,500"
24/10/2014,43.75,44.25,43.5,44.25,"11,069,100"
27/10/2014,44.25,44.25,43.75,44,"4,452,300"
28/10/2014,44,44.5,43.75,44.5,"7,307,800"
29/10/2014,44.5,45.25,44.5,44.75,"13,426,700"
30/10/2014,45,45.25,44.75,45.25,"8,489,200"
31/10/2014,45.25,45.5,45,45.5,"6,687,500"
3/11/2014,45.5,45.75,45.25,45.75,"8,850,300"
4/11/2014,45.5,45.5,45.25,45.25,"7,635,900"
5/11/2014,45.5,45.5,44.75,45,"5,876,800"
6/11/2014,45,45,44.5,44.5,"8,674,000"
7/11/2014,44,44,42.25,42.5,"41,912,500"
10/11/2014,42.5,43,42.25,42.25,"11,691,500"
11/11/2014,42,43,42,43,"11,061,800"
12/11/2014,43,43.5,42.75,42.75,"7,569,600"
13/11/2014,43,43.5,42.75,43.25,"11,110,000"
14/11/2014,43.5,44,43,43.5,"9,197,300"
17/11/2014,43.5,43.5,43,43.5,"9,877,000"
18/11/2014,43.75,43.75,42.75,43.5,"13,311,700"
19/11/2014,43.5,43.5,42.5,43,"9,571,800"
20/11/2014,43,43,41.5,42,"16,939,400"
21/11/2014,42,43,42,42.75,"15,967,900"
24/11/2014,43,43,42.5,42.75,"7,813,100"
25/11/2014,43,43.5,42.5,43.5,"15,267,200"
26/11/2014,43.5,43.5,42.75,43.25,"8,467,900"
27/11/2014,43.25,44,43,44,"10,006,200"
28/11/2014,44,44,43.25,44,"10,278,600"
1/12/2014,43.5,44,43.25,44,"8,576,800"
2/12/2014,43.75,44,43.25,43.75,"11,136,600"
3/12/2014,43.5,43.75,43.25,43.5,"5,201,300"
4/12/2014,43.5,43.5,43.25,43.25,"3,200,100"
8/12/2014,43.25,43.5,42.25,42.75,"11,390,000"
9/12/2014,42.5,42.75,41.75,42.25,"17,792,100"
11/12/2014,42.25,42.25,41.25,41.5,"28,352,500"
12/12/2014,41.25,41.5,40.75,40.75,"18,700,200"
15/12/2014,40,40.5,38.5,40,"33,349,900"
16/12/2014,39.25,39.75,38.5,39.25,"29,013,100"
17/12/2014,39.5,40,39,39.5,"27,006,600"
18/12/2014,39.75,41,39.5,41,"29,921,100"
19/12/2014,41.75,42,40.75,41.25,"12,632,800"
22/12/2014,41.75,42,41.25,41.75,"10,754,200"
23/12/2014,42,42,41.5,41.5,"7,104,500"
24/12/2014,41.5,41.75,41.25,41.5,"7,543,000"
25/12/2014,41,41.25,40.75,40.75,"9,299,300"
26/12/2014,40.5,41.75,40,41.75,"12,550,500"
29/12/2014,41.75,41.75,40.75,40.75,"4,851,300"
30/12/2014,40.5,42.5,40.25,42.5,"17,141,100"
5/1/2015,42.25,43,41.5,42.5,"11,447,900"
6/1/2015,41.75,42.5,41,42.25,"12,635,900"
7/1/2015,42.5,43.25,42.5,43.25,"11,090,700"
8/1/2015,43.5,43.75,43,43.25,"11,569,300"
9/1/2015,43,43.25,42,42.25,"10,212,700"
12/1/2015,42.25,43.25,42,42.75,"7,095,500"
13/1/2015,42.25,43.5,42,43,"11,606,700"
14/1/2015,43.5,43.75,42.75,42.75,"12,488,000"
15/1/2015,43.5,43.75,43,43,"11,647,300"
16/1/2015,42.75,43.25,42.75,43,"6,664,300"
19/1/2015,43.25,43.25,42.25,43,"4,555,900"
20/1/2015,43,43,41.5,41.5,"13,758,200"
21/1/2015,41.75,42.25,41.5,42,"7,931,400"
22/1/2015,42.25,43,42,42.25,"13,153,800"
23/1/2015,42.5,43,42,42.5,"11,266,600"
26/1/2015,42.75,43,41.75,42,"8,066,800"
27/1/2015,42,42.5,41.5,41.75,"10,663,000"
28/1/2015,42,42.5,41,41.25,"12,647,600"
29/1/2015,41.75,41.75,41,41.25,"7,023,300"
30/1/2015,41.75,42,41.25,41.5,"8,828,400"
2/2/2015,41.75,42,41.25,41.75,"8,169,900"
3/2/2015,41.75,42.5,41.5,42.25,"11,942,400"
4/2/2015,42.5,42.75,42,42.25,"13,036,600"
5/2/2015,42.25,42.5,41.5,42,"11,768,600"
6/2/2015,42,42.5,41.75,42,"17,666,400"
9/2/2015,41.75,42,41.25,41.5,"9,190,200"
10/2/2015,41.25,41.75,41.25,41.25,"6,304,100"
11/2/2015,41.25,41.75,40.5,41.25,"11,480,400"
12/2/2015,41.25,41.75,40.75,41.75,"4,951,700"
13/2/2015,41.25,41.5,41,41.5,"6,523,200"
16/2/2015,41.25,41.5,41,41,"6,784,900"
17/2/2015,41,41.5,40.75,40.75,"6,478,200"
18/2/2015,40.5,41,40.5,41,"8,882,200"
19/2/2015,41.25,41.25,40,40,"10,591,200"
20/2/2015,40.25,40.5,39.75,40.25,"9,104,500"
23/2/2015,40.5,41,40.25,40.5,"6,298,000"
24/2/2015,40.5,40.75,40.25,40.5,"5,284,200"
25/2/2015,40.75,40.75,40,40.5,"15,957,000"
26/2/2015,40.75,41,40.25,40.75,"15,050,400"
27/2/2015,40.75,40.75,39.75,40,"13,469,400"
2/3/2015,40,40.25,39.25,39.5,"9,653,700"
3/3/2015,40.25,40.5,39.5,39.5,"13,108,600"
5/3/2015,39.5,40,38.75,39.5,"20,716,600"
6/3/2015,39.75,40,39,39.5,"17,686,800"
9/3/2015,39.25,39.5,38,38,"28,848,700"
10/3/2015,38.25,39,38,38.25,"18,069,700"
11/3/2015,38.25,39.25,38,39,"13,313,700"
12/3/2015,38.75,39.25,38,38.75,"25,021,700"
13/3/2015,38.75,39.25,38.25,39,"12,675,500"
16/3/2015,38.75,39,38.5,38.5,"12,423,900"
17/3/2015,38.75,38.75,38,38.25,"11,939,400"
18/3/2015,38,38.5,38,38.25,"13,890,600"
19/3/2015,38.25,38.25,38,38.25,"10,737,300"
20/3/2015,38.25,38.5,37.75,38.25,"15,622,000"
23/3/2015,38.25,38.25,37.75,38.25,"6,323,500"
24/3/2015,38,38.25,37.75,38,"12,418,800"
25/3/2015,38,38.25,37.75,38,"11,202,300"
26/3/2015,38,38.25,37.5,37.5,"11,538,100"
27/3/2015,37.75,38,37.5,38,"11,524,900"
30/3/2015,38.25,40.25,38,40,"32,280,600"
31/3/2015,40.5,41,40,41,"28,396,000"
1/4/2015,40.75,41.75,40.25,41.75,"17,072,800"
2/4/2015,41.5,41.5,39.75,40,"15,193,900"
3/4/2015,40,40.5,39.75,40.25,"3,746,800"
7/4/2015,41,42.5,40.75,42,"26,396,300"
8/4/2015,42,42.5,41.5,42,"21,572,500"
9/4/2015,42,42.5,41.5,42.25,"21,747,100"
10/4/2015,42.25,42.75,42,42.75,"14,842,300"
16/4/2015,43,43,42.25,42.75,"29,754,500"
17/4/2015,42.75,42.75,42,42,"9,554,000"
20/4/2015,42.25,42.75,41.75,42.5,"10,180,700"
21/4/2015,42.5,43,42,42.75,"21,009,800"
22/4/2015,42.5,42.75,42.25,42.25,"12,615,900"
23/4/2015,42.5,43.5,42.25,43.25,"34,663,500"
24/4/2015,43.5,44.75,43.5,44,"45,259,600"
27/4/2015,43.75,43.75,43.25,43.25,"11,625,400"
28/4/2015,43.25,43.25,42.5,42.75,"11,922,900"
29/4/2015,41.75,42.5,41.5,41.75,"31,070,500"
30/4/2015,41.25,42.25,40.75,42,"23,547,800"
6/5/2015,42.25,42.25,41.5,42.25,"24,201,700"
7/5/2015,42.25,42.5,41.5,41.75,"14,494,100"
8/5/2015,42,43,42,42.75,"21,612,600"
11/5/2015,42.75,43.25,42.5,43,"11,164,400"
12/5/2015,43,43,41.75,42.5,"18,794,000"
13/5/2015,44.75,45.25,44.25,44.5,"85,385,700"
14/5/2015,44.75,45.25,44.5,44.75,"30,879,000"
15/5/2015,45,46.25,45,46,"30,167,900"
18/5/2015,46,46,45,45.5,"6,004,800"
19/5/2015,45.5,45.75,45.25,45.5,"11,711,700"
20/5/2015,47,48.5,46.75,46.75,"57,085,900"
21/5/2015,47,48,46.75,47,"15,601,600"
22/5/2015,47.75,48.5,47.25,47.25,"29,710,800"
25/5/2015,47,47,45.75,46.25,"10,653,900"
26/5/2015,45.75,46.75,45.75,45.75,"9,489,500"
27/5/2015,45.75,46.25,45.25,45.75,"17,370,700"
28/5/2015,45.75,46,44.75,45.75,"21,703,700"
29/5/2015,45.5,46.25,45.5,45.75,"15,780,000"
2/6/2015,45.25,45.75,44.5,44.75,"18,892,000"
3/6/2015,44.75,45.25,44.75,45,"9,576,900"
4/6/2015,45,46.25,44.5,46.25,"11,496,100"
5/6/2015,46.25,46.5,45.75,46,"8,608,100"
8/6/2015,45.75,46,45.25,46,"7,705,600"
9/6/2015,46,46.25,45.5,45.5,"9,941,800"
10/6/2015,45.5,46.25,45.5,46,"7,980,200"
11/6/2015,46.5,47,46.25,47,"15,403,200"
12/6/2015,47,48,46.75,46.75,"21,315,500"
15/6/2015,46.75,46.75,46,46.25,"7,518,200"
16/6/2015,46,46.5,45.75,46.25,"6,506,600"
17/6/2015,46.25,47,45.75,46.5,"11,441,300"
18/6/2015,46.5,46.75,46,46.25,"3,182,900"
19/6/2015,46,46.25,45,45,"16,088,500"
22/6/2015,45,46.75,45,46.25,"6,329,300"
23/6/2015,46.5,46.75,45.75,45.75,"10,450,700"
24/6/2015,46,46.25,45.75,46,"9,787,000"
25/6/2015,46,46.25,45.75,45.75,"12,261,100"
26/6/2015,46,46.25,45.75,46,"4,893,800"
29/6/2015,45.25,46,45.25,46,"12,897,500"
30/6/2015,45.75,46.5,45.5,46.25,"17,059,000"
2/7/2015,45.75,46.75,45.5,46.75,"14,058,200"
3/7/2015,46.5,46.75,46,46,"5,834,500"
6/7/2015,45.75,46.25,45.5,45.75,"6,168,800"
7/7/2015,45.75,46,45,45.75,"11,844,100"
8/7/2015,45.25,46,45,45.5,"12,430,800"
9/7/2015,45.25,46,45,45.75,"5,785,400"
10/7/2015,46.5,46.5,46,46.5,"8,744,300"
13/7/2015,46.5,46.5,46,46.5,"3,566,600"
14/7/2015,46.25,46.75,46.25,46.25,"7,890,700"
15/7/2015,46.25,47,46.25,46.75,"9,156,000"
16/7/2015,46.5,46.75,46.25,46.75,"11,282,900"
17/7/2015,46.75,46.75,46.25,46.25,"2,778,700"
20/7/2015,46.25,46.5,45.5,45.75,"5,480,000"
21/7/2015,45.75,46,45.5,45.75,"5,789,800"
22/7/2015,45.5,46.25,45.25,46,"9,323,900"
23/7/2015,46,46.75,46,46.5,"9,880,700"
24/7/2015,46.25,46.5,46,46.5,"5,988,000"
27/7/2015,46.25,46.75,45.75,45.75,"12,769,100"
28/7/2015,46,46.25,45,45.25,"14,948,800"
29/7/2015,45.75,47.25,45.25,47,"21,449,300"
31/7/2015,47.75,48.5,47.5,48,"40,507,800"
3/8/2015,47.5,48.75,47.5,47.75,"20,893,500"
4/8/2015,48,48,47.5,47.75,"11,754,000"
5/8/2015,48,49.25,48,48.75,"24,372,900"
6/8/2015,49,49,48.25,48.75,"14,648,700"
7/8/2015,48.5,48.75,48.25,48.25,"8,632,800"
10/8/2015,48.25,48.25,47.75,48.25,"10,566,100"
11/8/2015,48.75,50,48.5,49.75,"28,431,900"
13/8/2015,50,50.5,49.25,50.5,"24,807,400"
14/8/2015,50.5,50.75,49.75,50.5,"13,910,800"
17/8/2015,50.5,51.25,50,50.25,"18,114,500"
18/8/2015,48.5,49.25,48,49.25,"45,404,000"
19/8/2015,49,49.5,48.25,48.5,"19,271,100"
20/8/2015,48.25,48.5,47.75,48,"18,609,700"
21/8/2015,47.75,48,47.25,47.5,"14,629,500"
24/8/2015,46.25,47,45.25,46.5,"28,523,100"
25/8/2015,47.5,48,46.5,47.5,"21,636,700"
26/8/2015,47,47.75,46.75,47,"24,630,000"
27/8/2015,47.75,49.5,47.25,49.25,"64,875,300"
28/8/2015,49.25,49.75,48.75,49.75,"9,208,000"
31/8/2015,49,51,49,51,"22,259,600"
1/9/2015,50.75,51,49.75,50.5,"38,719,100"
2/9/2015,50.75,51.75,50.25,51.25,"22,908,300"
3/9/2015,51.25,51.25,50.25,50.25,"16,315,300"
4/9/2015,50,50.5,49,49.25,"20,152,400"
7/9/2015,49.25,50.25,49.25,50,"12,755,000"
8/9/2015,50,50.5,49.5,50.5,"9,701,100"
9/9/2015,50.75,50.75,49.75,50,"13,042,800"
10/9/2015,50,50.5,49.5,50.25,"19,431,200"
11/9/2015,50.25,50.75,49.25,49.25,"15,170,500"
14/9/2015,49.25,50,49,50,"10,855,100"
15/9/2015,49.5,50,49,49.25,"10,388,600"
16/9/2015,49.5,50,49,49.5,"14,396,100"
17/9/2015,49.75,50,49.25,49.75,"13,305,300"
18/9/2015,50,50,49.25,49.5,"19,341,400"
21/9/2015,49.25,50,49.25,49.5,"13,534,700"
22/9/2015,49.75,49.75,49,49.25,"13,174,900"
23/9/2015,49,49.5,48.75,49,"14,282,700"
24/9/2015,49,50,49,49.25,"19,449,600"
25/9/2015,49.25,49.75,48.75,49.75,"20,931,800"
28/9/2015,49,49.25,48.25,48.25,"24,613,900"
29/9/2015,48.25,48.25,47,47.5,"33,386,200"
30/9/2015,47.5,47.75,47.25,47.75,"27,790,600"
1/10/2015,47.75,49.5,47.5,49,"16,955,900"
2/10/2015,49.25,49.75,48.75,49,"15,073,000"
5/10/2015,49.5,50,49.25,50,"15,533,100"
6/10/2015,49.75,50.25,49.5,50.25,"11,705,100"
7/10/2015,50,50.5,49.75,50.5,"20,548,200"
8/10/2015,50.25,51.25,50,50.5,"24,898,300"
9/10/2015,50.75,51.25,50.25,50.25,"15,653,900"
12/10/2015,50.25,50.5,49.75,50,"12,872,600"
13/10/2015,50.25,50.25,49.75,50.25,"11,514,400"
14/10/2015,50,50.25,49.5,49.75,"8,957,400"
15/10/2015,50,50.25,49.5,49.5,"16,453,500"
16/10/2015,49.5,49.75,49.25,49.75,"13,328,800"
19/10/2015,49.5,50.25,49.5,49.75,"10,077,000"
20/10/2015,50,50.25,49.75,50,"17,498,200"
21/10/2015,50.25,50.5,49.5,49.75,"10,399,000"
22/10/2015,49.5,50,49.5,49.75,"4,948,300"
26/10/2015,50,50.5,49.75,50,"18,649,000"
27/10/2015,49.75,50,49.25,49.75,"11,083,400"
28/10/2015,49.5,49.75,49.5,49.75,"6,191,700"
29/10/2015,49.5,50.25,49.5,50,"16,591,500"
30/10/2015,49.75,50.5,49.5,50,"26,956,200"
2/11/2015,50,50,49.75,50,"8,515,600"
3/11/2015,50.25,50.25,49.75,50.25,"7,554,500"
4/11/2015,50,50.25,49.5,50,"14,069,200"
5/11/2015,50,50,49.5,49.75,"9,832,100"
6/11/2015,49.75,50,49.5,49.75,"124,804,400"
9/11/2015,49.5,49.75,49,49,"11,133,200"
10/11/2015,49,49.25,48.75,49,"13,244,700"
11/11/2015,48.75,50,48.75,49.75,"13,111,900"
12/11/2015,49.75,50.25,49.5,50,"16,317,900"
13/11/2015,50,50.25,49.5,49.5,"8,686,200"
16/11/2015,49.5,50,49.5,50,"12,745,000"
17/11/2015,50,50,49.5,49.75,"16,220,700"
18/11/2015,49.75,50,49.25,49.25,"14,802,900"
19/11/2015,49.25,49.75,49.25,49.5,"10,100,100"
20/11/2015,49.75,50,49.5,49.75,"7,402,200"
23/11/2015,49.75,49.75,49.25,49.25,"7,171,400"
24/11/2015,49.25,49.5,49,49,"11,485,900"
25/11/2015,49,49.25,48,48.5,"20,895,000"
26/11/2015,48.5,48.75,47,48,"21,842,700"
27/11/2015,48,48,47.25,47.5,"13,865,900"
30/11/2015,47.25,47.5,46.5,47,"40,080,500"
1/12/2015,47,47,46.25,47,"18,052,800"
2/12/2015,46.75,47.5,46.25,46.75,"28,171,700"
3/12/2015,43,44.75,42.5,44.25,"161,642,100"
4/12/2015,43.75,44,42.75,43,"84,499,200"
8/12/2015,43.25,43.75,41,41,"61,781,500"
9/12/2015,41.25,42.25,40,41,"69,448,700"
11/12/2015,41.25,42.25,41,41.75,"54,010,400"
14/12/2015,41.25,41.75,40.25,41.75,"83,526,200"
15/12/2015,42,42.25,41.5,41.5,"44,090,700"
16/12/2015,41.75,42,41.5,41.75,"28,354,400"
17/12/2015,41.75,43,41.25,43,"41,372,500"
18/12/2015,42.5,42.75,42,42,"25,022,200"
21/12/2015,42,42,40,40.25,"50,083,500"
22/12/2015,40.25,41.5,40,41.25,"34,544,100"
23/12/2015,41.25,41.5,40.75,41.25,"16,969,300"
24/12/2015,41.5,41.5,40.75,41,"11,170,800"
25/12/2015,41,41,40,40.5,"13,627,500"
28/12/2015,40.5,41,40,40,"17,934,100"
29/12/2015,40,40.5,39.5,39.5,"29,597,300"
30/12/2015,39.5,40,39,39.25,"16,754,100"
4/1/2016,39.25,40,39,39,"16,019,000"
5/1/2016,39.5,40.5,39.25,40.25,"26,933,000"
6/1/2016,40.5,41.75,40.5,41,"26,179,800"
7/1/2016,40,41,40,40,"18,700,200"
8/1/2016,40.25,41.75,40,41.5,"23,701,800"
11/1/2016,41.25,41.75,40.75,41.5,"21,650,700"
12/1/2016,41.75,43,41.5,43,"24,021,100"
13/1/2016,43,43.25,42.25,42.5,"21,781,200"
14/1/2016,42,42.5,41.25,41.5,"17,723,700"
15/1/2016,41.75,41.75,41,41.5,"12,050,800"
18/1/2016,41,42,41,41.75,"14,378,200"
19/1/2016,41.75,42.5,41.75,42,"19,933,800"
20/1/2016,41.5,41.75,40.5,40.75,"24,965,200"
21/1/2016,41.25,41.5,39.25,39.75,"27,505,100"
22/1/2016,40.25,40.75,39.5,40.25,"17,970,400"
25/1/2016,40.5,41.5,40.5,41.5,"20,564,700"
26/1/2016,41,41.5,40.5,41,"18,181,900"
27/1/2016,41.25,41.25,40.5,41,"14,169,600"
28/1/2016,40.75,41,39.75,40.5,"23,148,100"
29/1/2016,40.5,41,40.25,40.75,"17,782,100"
1/2/2016,40.5,40.75,39.5,40.25,"25,841,400"
2/2/2016,40.5,42.25,40.25,42,"73,224,000"
3/2/2016,41.75,42.25,41.5,41.75,"31,845,100"
4/2/2016,42,42.5,41.75,42.5,"38,049,100"
5/2/2016,42,43,41.75,42.75,"41,670,400"
8/2/2016,42,42,40.75,41,"26,185,300"
9/2/2016,41,41,40.5,40.75,"26,894,700"
10/2/2016,40.75,41.25,40.25,41,"15,100,700"
11/2/2016,40.75,41.25,40.25,40.75,"16,888,300"
12/2/2016,40.5,41,40,40.25,"32,118,600"
15/2/2016,40.75,41,40.25,41,"7,766,400"
16/2/2016,41,41,40.5,40.5,"7,668,300"
17/2/2016,40.5,41,40.25,41,"23,068,100"
18/2/2016,40.75,41,40.5,40.75,"19,990,300"
19/2/2016,41,43,41,43,"38,648,800"
23/2/2016,43,43.5,42.5,42.75,"35,517,000"
24/2/2016,42.5,42.75,42.25,42.5,"11,436,900"
25/2/2016,42.75,44,42.5,44,"28,751,200"
26/2/2016,44.25,44.75,44,44.5,"18,267,500"
29/2/2016,44.5,45,43.25,43.25,"29,408,700"
1/3/2016,44.5,45,44,44.75,"38,159,500"
2/3/2016,45.5,47,45,46.25,"39,690,800"
3/3/2016,46.25,48.75,46.25,47.75,"37,998,700"
4/3/2016,48,48.5,46.25,47.5,"82,893,900"
7/3/2016,47.25,47.5,46.25,47,"21,383,300"
8/3/2016,46.25,47.25,45.25,45.75,"24,698,000"
9/3/2016,45.25,46.5,45.25,46.5,"28,943,800"
10/3/2016,46,46.25,45,45.25,"17,318,900"
11/3/2016,45.5,46.25,45.25,46,"32,140,600"
14/3/2016,46.25,46.75,45.75,46.25,"77,789,200"
15/3/2016,46.25,46.5,45.5,45.5,"21,997,600"
16/3/2016,45.5,46,44,44.25,"32,852,500"
17/3/2016,44.5,45.5,44.5,45.25,"47,020,200"
18/3/2016,45.5,45.75,45,45.25,"59,245,300"
21/3/2016,45.5,45.75,44.75,45.5,"13,789,500"
22/3/2016,46,46,44.25,44.75,"35,831,100"
23/3/2016,44.75,46,44.5,46,"18,928,900"
24/3/2016,45.75,46,45.5,45.5,"25,866,700"
25/3/2016,45.5,45.75,44.5,44.5,"15,057,100"
28/3/2016,44.5,45,44.25,44.75,"9,956,600"
29/3/2016,45,45.25,43.5,44,"60,159,500"
30/3/2016,44.75,45.75,44.5,45.75,"35,652,600"
31/3/2016,45.5,46,45.25,45.75,"25,265,100"
1/4/2016,45.75,46,45.5,45.75,"128,735,000"
4/4/2016,45.75,46.25,45.25,45.75,"18,640,500"
5/4/2016,45.25,45.5,44.5,44.75,"47,189,800"
7/4/2016,44.75,45.5,44.5,44.5,"24,416,500"
8/4/2016,44.75,44.75,43.75,44.5,"29,571,000"
11/4/2016,44.5,44.75,43.75,43.75,"23,023,200"
12/4/2016,44,44.5,43.75,44.25,"24,312,900"
18/4/2016,44.75,45.75,44.5,45.25,"41,857,200"
19/4/2016,45.5,46.25,45.5,46,"34,019,900"
20/4/2016,46,46.25,45.75,46,"31,687,500"
21/4/2016,46.25,46.75,45.75,46.25,"28,033,400"
22/4/2016,46,46.25,45.75,46,"18,909,300"
25/4/2016,46,46.25,45.75,46,"13,338,700"
26/4/2016,45.75,46.5,45.5,46,"20,499,800"
27/4/2016,46,46.25,45.5,46.25,"22,104,600"
28/4/2016,45.75,45.75,45,45.5,"17,418,900"
29/4/2016,45.75,45.75,45.25,45.75,"6,201,200"
3/5/2016,45.5,46.25,45.25,46,"14,957,000"
4/5/2016,46,46.75,45.75,46.5,"19,831,500"
9/5/2016,46.5,47.25,46.25,47,"25,915,000"
10/5/2016,47.25,48.5,47,48.25,"42,876,700"
11/5/2016,47.75,48,47.25,47.25,"20,755,600"
12/5/2016,48,48.5,47.5,48,"24,374,200"
13/5/2016,48.75,49,47.75,48,"143,024,400"
16/5/2016,48.25,49,48,49,"28,879,700"
17/5/2016,49,49.5,48.25,49,"22,069,000"
18/5/2016,49.5,49.75,48.25,49,"22,330,000"
19/5/2016,49,49.25,47.75,48,"26,744,800"
23/5/2016,48.5,48.5,47.75,48,"22,062,700"
24/5/2016,48,48.25,47.5,47.75,"23,346,000"
25/5/2016,48,48.25,47.75,48.25,"19,977,200"
26/5/2016,48.25,48.75,47.75,47.75,"17,616,000"
27/5/2016,48,48.25,47.5,48,"10,740,900"
30/5/2016,48.5,49.5,48,49,"40,372,500"
31/5/2016,49,49.75,48.75,49.75,"79,001,300"
1/6/2016,50,50,49,49,"21,134,400"
2/6/2016,49,49.5,49,49,"13,288,800"
3/6/2016,49.5,50,49.25,49.5,"142,714,100"
6/6/2016,49.75,50,49.25,49.25,"31,128,900"
7/6/2016,49.5,50.25,49.25,50,"31,793,400"
8/6/2016,50,50.25,49.75,49.75,"15,950,800"
9/6/2016,50.5,50.75,48.5,48.5,"44,950,900"
10/6/2016,48.25,48.75,48,48.25,"37,955,600"
13/6/2016,48,48,47.5,47.5,"53,967,600"
14/6/2016,47.5,47.75,47.5,47.75,"39,002,100"
15/6/2016,48,48.5,47.75,48.25,"46,713,700"
16/6/2016,48,48.5,48,48,"21,143,400"
17/6/2016,48.25,48.5,48,48.5,"15,466,300"
20/6/2016,48.5,48.75,47.5,48,"23,490,000"
21/6/2016,48.25,49.25,48,49,"23,677,800"
22/6/2016,49,49.25,48.25,48.25,"12,301,800"
23/6/2016,48.5,49.5,48.25,49.25,"17,103,200"
24/6/2016,48.25,49.25,48,49,"25,465,600"
27/6/2016,48.5,49,48.25,49,"25,100,400"
28/6/2016,49,49.75,48.75,49.25,"27,550,500"
29/6/2016,49.75,50.25,49.5,49.5,"20,311,600"
30/6/2016,50,50.5,49.75,50.25,"134,684,000"
4/7/2016,50.5,51.75,50.5,51.75,"33,859,100"
5/7/2016,51.75,52.5,51.25,51.25,"22,640,500"
6/7/2016,51.25,51.75,50.75,51.25,"11,822,200"
7/7/2016,51.25,52.5,51.25,51.5,"23,657,600"
8/7/2016,51.75,53,51.5,53,"17,243,200"
11/7/2016,52.75,53,51.75,51.75,"33,208,800"
12/7/2016,51.75,52.25,51.5,52,"27,326,200"
13/7/2016,52.25,52.5,51.75,52.5,"13,717,200"
14/7/2016,52.25,52.5,51.75,52,"17,252,900"
15/7/2016,52.25,52.5,51.75,51.75,"17,315,100"
20/7/2016,51.75,52,50.5,50.75,"60,676,000"
21/7/2016,50.75,51.25,50.75,51,"27,450,300"
22/7/2016,51.25,51.75,50.75,51.5,"25,648,100"
25/7/2016,52,52.5,51.75,52.25,"28,181,400"
26/7/2016,52,52.5,52,52,"11,511,600"
27/7/2016,52.25,52.75,52.25,52.5,"16,030,600"
28/7/2016,52.75,52.75,52,52,"23,258,400"
29/7/2016,52.25,52.5,51.5,51.75,"25,898,200"
1/8/2016,52,53,52,52.5,"19,597,700"
2/8/2016,52.5,52.75,52,52.25,"13,095,400"
3/8/2016,51.75,52.5,51,52,"23,086,400"
4/8/2016,52,52.25,51.75,52,"11,568,100"
5/8/2016,52.25,52.25,52,52,"13,992,200"
8/8/2016,53,53.5,52.75,53.25,"22,793,800"
9/8/2016,53.25,53.75,53.25,53.25,"19,608,900"
10/8/2016,53.5,54.75,53.5,54.75,"32,972,900"
11/8/2016,56.5,59.5,56.5,59.25,"85,761,800"
15/8/2016,58.75,60.5,58.5,59.25,"42,078,100"
16/8/2016,59.25,61,59,60.25,"31,327,700"
17/8/2016,60,60.75,59.25,59.75,"19,254,400"
18/8/2016,59.75,60.5,59.5,60.25,"21,121,400"
19/8/2016,60.25,60.25,59.75,60.25,"14,540,700"
22/8/2016,60.25,60.5,59.75,60.5,"10,452,900"
23/8/2016,59.25,60.5,58.75,59.75,"31,624,200"
24/8/2016,59.5,61.75,59.5,60.75,"23,406,000"
25/8/2016,61,62.75,60.75,62.25,"30,556,500"
26/8/2016,62,62.75,61.75,62,"16,395,800"
29/8/2016,61.75,62.25,61.5,61.75,"17,033,600"
30/8/2016,62,62.25,61.25,61.25,"20,432,000"
31/8/2016,61.5,62.75,61.25,62.25,"35,127,100"
1/9/2016,62,62.75,61.5,61.75,"20,677,200"
2/9/2016,62,62.5,61.75,61.75,"19,496,600"
5/9/2016,62,62.25,60.25,60.5,"64,826,400"
6/9/2016,60.5,61.25,60.25,60.5,"28,314,100"
7/9/2016,60.5,61.25,60.25,60.5,"12,079,100"
8/9/2016,60.5,60.75,59,59.25,"50,696,200"
9/9/2016,59.25,59.5,57,57.5,"50,511,300"
12/9/2016,57.25,57.75,56.75,56.75,"28,297,500"
13/9/2016,57.75,59,57.75,58.75,"35,703,700"
14/9/2016,58.75,59.75,58.5,58.75,"19,998,200"
15/9/2016,59,59.5,58.5,59.5,"21,511,300"
16/9/2016,58,58.75,57.75,58.5,"57,631,700"
19/9/2016,58.75,60.5,58.75,60.25,"25,511,200"
20/9/2016,60,60.5,59.5,60,"13,827,200"
21/9/2016,60.25,60.5,59.5,59.75,"19,475,900"
22/9/2016,60,62.5,60,61.75,"28,102,400"
23/9/2016,62,62.25,61,61.5,"20,182,900"
26/9/2016,61.5,62,61.25,61.5,"14,360,900"
27/9/2016,61.75,62.5,61.5,61.5,"13,199,000"
28/9/2016,61.25,61.75,60.5,60.75,"15,302,000"
29/9/2016,61.25,61.75,61,61.25,"16,145,100"
30/9/2016,61,61.5,60.75,61.5,"15,443,900"
3/10/2016,61.5,62.25,61,61,"13,916,400"
4/10/2016,61.25,62.25,61,62.25,"18,001,000"
5/10/2016,62.5,63,62,62.5,"21,198,800"
6/10/2016,62.5,64,62.5,63.75,"35,217,900"
7/10/2016,63.75,64,63.25,64,"13,621,700"
10/10/2016,61.75,63,61.25,61.5,"41,176,000"
11/10/2016,61.75,62,59.25,59.75,"41,498,000"
12/10/2016,59,59.5,55.25,59,"109,431,500"
13/10/2016,58,62.5,57,61.75,"67,028,500"
14/10/2016,63,63,60.75,61.25,"66,439,400"
17/10/2016,61.5,61.75,60.75,61,"25,839,100"
18/10/2016,61,61.25,60.25,60.5,"24,244,700"
19/10/2016,60.25,61,60,60.75,"24,441,700"
20/10/2016,61,61.5,60.75,60.75,"9,378,700"
21/10/2016,61,61.75,60.75,61.5,"9,023,800"
25/10/2016,61.75,62.75,61.5,62.75,"18,770,400"
26/10/2016,62.75,62.75,61.75,61.75,"11,548,600"
27/10/2016,61.75,62.5,60.75,61,"23,243,800"
28/10/2016,61.25,61.75,60.75,61.5,"9,206,800"
31/10/2016,61.25,61.5,60.25,60.75,"13,904,800"
1/11/2016,61.25,61.75,60.75,61.5,"11,435,600"
2/11/2016,61.25,61.25,60.75,61.25,"11,997,500"
3/11/2016,61,61.5,60.5,60.5,"10,537,300"
4/11/2016,60.5,61.25,60.5,60.75,"16,174,700"
7/11/2016,61.25,62,60.5,61.5,"8,228,400"
8/11/2016,61.25,61.75,61,61.5,"11,022,700"
9/11/2016,61.25,62.5,61,62,"23,535,000"
10/11/2016,62.5,63.5,62.5,63,"24,650,300"
11/11/2016,63.25,63.25,61.25,61.5,"36,027,400"
14/11/2016,60.5,61.25,60.25,60.5,"21,589,800"
15/11/2016,60.25,61,59.5,60.25,"27,588,500"
16/11/2016,60.5,61.5,60.5,61,"17,879,800"
17/11/2016,61.25,61.25,60,60.5,"16,666,000"
18/11/2016,60.25,61,60,60.5,"10,365,100"
21/11/2016,60.25,61,60.25,61,"7,485,000"
22/11/2016,61,61.25,60.25,60.25,"22,562,300"
23/11/2016,60.5,60.75,59.75,60.25,"14,455,900"
24/11/2016,60.25,60.25,60,60,"4,245,100"
25/11/2016,60.25,60.5,60,60.5,"10,798,200"
28/11/2016,60.5,60.75,60,60.25,"10,811,700"
29/11/2016,60.5,60.75,60.25,60.25,"10,760,500"
30/11/2016,60.25,60.75,59.25,60.25,"38,044,500"
1/12/2016,60.75,61.5,60.5,60.75,"18,217,200"
2/12/2016,61.25,61.5,60.25,60.25,"12,830,100"
6/12/2016,60.25,60.25,59.75,60,"23,962,800"
7/12/2016,60.25,60.5,60,60.25,"15,511,600"
8/12/2016,60.25,60.5,60,60.25,"17,354,600"
9/12/2016,60.25,60.75,60,60,"15,922,800"
13/12/2016,60.25,60.5,60,60.25,"15,298,000"
14/12/2016,60.25,61.25,60,60.5,"22,654,500"
15/12/2016,60.75,61.75,60.5,61.5,"20,033,300"
16/12/2016,61.5,62.25,61.25,61.75,"33,130,200"
19/12/2016,61.75,62.5,61.75,62.5,"16,269,700"
20/12/2016,62.75,62.75,61.75,61.75,"12,148,000"
21/12/2016,61.75,62.25,61.75,61.75,"14,724,800"
22/12/2016,61.75,62,61.25,61.5,"20,431,600"
23/12/2016,61.25,61.5,60.75,60.75,"27,102,100"
26/12/2016,61,61.5,60.75,61.5,"3,506,300"
27/12/2016,61.5,61.75,61.25,61.25,"3,804,000"
28/12/2016,61.25,61.5,60.75,61,"15,900,800"
29/12/2016,61,62.25,60.75,62,"14,299,800"
30/12/2016,62,63,61.75,62.5,"19,618,000"
4/1/2017,63,65.5,63,65,"44,927,000"
5/1/2017,65,65.5,64.25,64.75,"26,399,700"
6/1/2017,64.75,65,63.5,63.75,"26,494,600"
9/1/2017,63.5,63.5,62,62,"59,210,800"
10/1/2017,62,62.25,61.5,62,"30,267,900"
11/1/2017,61.75,62.25,61.5,61.5,"29,019,700"
12/1/2017,61.75,61.75,61,61.25,"29,808,200"
13/1/2017,61.25,62.25,61.25,62,"29,297,400"
16/1/2017,62,62,61.5,61.5,"10,207,100"
17/1/2017,61.5,62,61,61,"29,956,400"
18/1/2017,61,61.25,60.25,60.25,"33,426,000"
19/1/2017,59.75,59.75,58.75,59.25,"85,766,000"
20/1/2017,59.5,59.75,59,59.5,"31,935,300"
23/1/2017,59.25,59.5,59,59.25,"21,982,800"
24/1/2017,59.5,59.5,58.75,59.25,"30,193,700"
25/1/2017,59.25,59.5,58.25,58.75,"59,967,100"
26/1/2017,61.75,61.75,61,61,"52,600,300"
27/1/2017,61,61.25,60.5,60.75,"11,045,300"
30/1/2017,60.5,61.25,60.5,60.75,"6,730,300"
31/1/2017,60.5,60.75,60.25,60.5,"11,924,100"
1/2/2017,60.5,60.75,60,60,"12,368,200"
2/2/2017,59.75,60.25,59.5,59.5,"13,685,200"
3/2/2017,59.75,60.25,59.5,60,"12,977,900"
6/2/2017,60.25,61.25,60,61.25,"14,457,900"
7/2/2017,61,61.5,60.75,60.75,"10,769,300"
8/2/2017,60.75,61.25,60.25,60.5,"11,901,500"
9/2/2017,60.25,60.5,60,60.25,"13,978,800"
10/2/2017,60.25,60.75,60,60.25,"11,522,100"
14/2/2017,60.25,60.5,59.25,59.5,"26,181,300"
15/2/2017,59.75,60.5,59.5,60,"11,842,700"
16/2/2017,60,60.25,59.5,59.75,"9,523,800"
17/2/2017,59.75,60.5,59.5,60,"11,945,500"
20/2/2017,60,60,59.5,59.75,"7,544,800"
21/2/2017,59.75,60.25,59.75,60,"9,507,000"
22/2/2017,60.5,61.25,60.25,60.75,"18,530,200"
23/2/2017,60.5,60.75,60,60,"9,669,400"
24/2/2017,60.25,60.5,59.5,59.75,"14,579,700"
27/2/2017,59.75,60.75,59.75,60,"9,772,100"
28/2/2017,60,60.5,60,60,"13,949,200"
1/3/2017,60.25,60.75,60,60.25,"17,206,800"
2/3/2017,60.5,60.5,59.75,60,"18,859,100"
3/3/2017,59.75,60,59.5,59.75,"8,504,500"
6/3/2017,59.5,59.75,59.25,59.5,"18,398,800"
7/3/2017,59.25,59.5,58.5,58.5,"25,204,800"
8/3/2017,58.25,59,57.5,59,"24,809,200"
9/3/2017,58.5,59,58.25,58.75,"10,221,600"
10/3/2017,58.5,58.75,58.25,58.5,"7,109,600"
13/3/2017,58.5,59.25,58,59.25,"9,873,400"
14/3/2017,59.25,59.5,59,59,"12,482,600"
15/3/2017,59,59.25,58.75,59,"8,313,700"
16/3/2017,59.25,59.5,58.5,58.75,"16,749,500"
17/3/2017,59,59.25,58.75,59,"13,541,000"
20/3/2017,58.75,59.25,58.75,59.25,"12,678,200"
21/3/2017,59.25,59.75,59,59.25,"19,765,600"
22/3/2017,59,59.25,58.5,59,"24,889,700"
23/3/2017,59.25,59.5,59,59.25,"11,419,700"
24/3/2017,59,59.25,59,59.25,"7,220,600"
27/3/2017,59.25,59.5,58.75,59,"8,101,500"
28/3/2017,59,59.25,58.75,59,"14,679,700"
29/3/2017,59,59,58.5,59,"11,934,100"
30/3/2017,59,59.25,58.75,59.25,"16,538,800"
31/3/2017,59,59.5,59,59,"15,985,500"
3/4/2017,59.25,61,59.25,60.5,"32,517,400"
4/4/2017,60.75,61.25,60.5,61.25,"17,396,800"
5/4/2017,61.25,61.25,60.75,60.75,"11,431,200"
7/4/2017,60.75,61.75,60.5,61.5,"20,378,700"
10/4/2017,61.5,61.75,61.25,61.75,"10,744,000"
11/4/2017,61.75,61.75,61,61,"10,736,500"
12/4/2017,61,61.75,60.75,61.75,"12,106,000"
17/4/2017,61.5,61.5,60.25,60.5,"14,764,300"
18/4/2017,60.75,61.25,60.5,60.5,"10,306,300"
19/4/2017,60.5,61,60.25,60.75,"11,965,000"
20/4/2017,61,61.5,60.5,60.5,"8,488,100"
21/4/2017,61,61.75,61,61.5,"16,556,200"
24/4/2017,61.75,62,61.25,61.75,"15,133,600"
25/4/2017,61.5,61.75,61,61.75,"13,641,800"
26/4/2017,61.5,62,61.25,62,"16,623,700"
27/4/2017,61.25,61.25,60.75,61,"7,471,500"
28/4/2017,61.25,61.25,60.75,61,"13,459,000"
2/5/2017,61,62,61,62,"16,735,300"
3/5/2017,62,62.25,61,61,"9,499,800"
4/5/2017,61.25,61.75,61,61.25,"5,247,000"
5/5/2017,61.5,62,61.25,61.5,"5,677,400"
8/5/2017,61.75,62,61.5,62,"5,079,600"
9/5/2017,62,63.75,62,63.5,"37,616,600"
11/5/2017,63.75,65.25,63.5,64.5,"45,280,800"
12/5/2017,64.25,64.5,63.25,64.5,"38,779,400"
15/5/2017,64.5,64.75,64,64.25,"12,480,000"
16/5/2017,64.5,64.75,64.25,64.75,"16,340,000"
17/5/2017,64.25,65.75,64.25,65,"31,347,300"
18/5/2017,64.75,65,63.5,63.5,"26,101,100"
19/5/2017,63.5,64,63,63.5,"16,991,400"
22/5/2017,63.75,64,62.5,62.75,"27,672,700"
23/5/2017,62.5,63.5,62.25,63.5,"23,192,400"
24/5/2017,63,64,63,63.5,"16,063,500"
25/5/2017,63.25,63.5,63,63.5,"3,077,400"
26/5/2017,63.5,63.5,62.75,63,"5,625,000"
29/5/2017,62.75,63,62.5,63,"8,863,100"
30/5/2017,63,63,62.5,62.75,"2,043,200"
31/5/2017,62.75,63,62.25,62.5,"20,815,300"
1/6/2017,62.75,62.75,62.25,62.25,"9,675,000"
2/6/2017,62.5,62.75,62.25,62.5,"13,080,200"
5/6/2017,62.5,62.5,62,62,"14,085,100"
6/6/2017,62,62.5,61.5,62.25,"19,135,000"
7/6/2017,62.25,62.25,61.75,61.75,"11,668,500"
8/6/2017,62,62.25,61.75,62,"14,820,500"
9/6/2017,62,62.25,61.5,62,"15,180,500"
12/6/2017,61.75,62,61.5,61.75,"3,303,700"
13/6/2017,62,62.25,61.5,62,"10,712,200"
14/6/2017,62,62.25,61.75,62,"10,779,800"
15/6/2017,61.75,62.25,61.75,61.75,"9,684,600"
16/6/2017,61.75,62,61.5,61.75,"7,045,900"
19/6/2017,62,62.25,61.75,61.75,"10,090,500"
20/6/2017,62,62,61.75,61.75,"13,876,000"
21/6/2017,61.75,62.5,61.75,62.5,"16,852,500"
22/6/2017,62.5,62.5,62,62.25,"13,942,200"
23/6/2017,62.25,62.25,61.75,61.75,"10,494,500"
26/6/2017,62,62,61.75,61.75,"8,735,500"
27/6/2017,62,62.25,61.75,62,"15,099,500"
28/6/2017,62,62.5,61.75,62.25,"10,016,200"
29/6/2017,62.25,63.5,62,62.75,"26,748,700"
30/6/2017,62.75,63,62.25,62.75,"13,031,300"
3/7/2017,62.75,63.75,62.75,63.75,"14,135,200"
4/7/2017,63.75,64,63,63.25,"7,670,200"
5/7/2017,63.25,63.5,62.75,63,"6,913,200"
6/7/2017,63,63.25,62,62.5,"14,193,700"
7/7/2017,62.25,62.75,62,62,"12,989,700"
11/7/2017,61.5,61.5,59.75,60.5,"47,375,100"
12/7/2017,60.25,60.5,59,59.75,"67,654,200"
13/7/2017,60,60.5,59.75,60.5,"23,950,700"
14/7/2017,60.5,61.25,60.5,61,"12,541,300"
17/7/2017,61,61.25,60.5,61,"17,567,100"
18/7/2017,60.75,61.25,60.25,61,"22,110,600"
19/7/2017,61,61.25,60.75,61,"8,305,300"
20/7/2017,61,61.25,61,61,"13,086,600"
21/7/2017,61,61.25,60.75,60.75,"15,731,400"
24/7/2017,60.75,61.75,60.75,60.75,"13,643,000"
25/7/2017,60.75,61.25,60.75,61,"5,162,300"
26/7/2017,61,61.25,60.75,61,"9,624,700"
27/7/2017,61.25,61.25,60.75,61,"5,848,600"
31/7/2017,61,61.25,60.5,60.75,"20,616,300"
1/8/2017,60.75,61.5,60.75,61,"16,831,800"
2/8/2017,61.25,61.25,61,61.25,"6,397,500"
3/8/2017,61.25,61.5,61,61.25,"11,471,500"
4/8/2017,61.5,61.5,61,61.25,"6,562,200"
7/8/2017,61.25,62,61.25,61.5,"7,109,800"
8/8/2017,61.75,62,61.5,61.5,"8,536,400"
9/8/2017,61.75,61.75,61.25,61.25,"9,518,200"
10/8/2017,61.25,61.25,61,61,"3,190,200"
11/8/2017,61,61.75,61,61.75,"14,671,800"
15/8/2017,61.75,62.25,61.5,61.75,"13,299,100"
16/8/2017,61.75,61.75,61.25,61.5,"9,507,000"
17/8/2017,61.25,61.5,61,61.25,"9,920,500"
18/8/2017,61.25,61.5,61,61,"7,184,800"
21/8/2017,61.25,61.25,61,61.25,"2,366,400"
22/8/2017,61,61.5,61,61.25,"8,660,000"
23/8/2017,61.25,61.5,60.5,61.25,"26,048,000"
24/8/2017,61.25,61.25,60.75,60.75,"6,769,000"
25/8/2017,60.75,61.25,60.5,60.75,"16,971,300"
28/8/2017,60.75,61.25,60.5,60.75,"11,254,700"
29/8/2017,61,62,60.75,61.5,"35,483,700"
30/8/2017,61.75,62,61.5,61.75,"22,406,700"
31/8/2017,61.75,62,61.25,62,"31,059,700"
1/9/2017,62,62,61.5,61.75,"10,756,700"
4/9/2017,61.5,61.75,61,61.5,"13,587,500"
5/9/2017,61.5,61.5,61,61.5,"8,305,100"
6/9/2017,61.5,61.75,61.25,61.5,"18,756,100"
7/9/2017,61.5,61.75,61,61.5,"20,300,000"
8/9/2017,61.75,63.5,61.75,63,"64,933,400"
11/9/2017,63.25,63.5,62.75,63,"26,278,600"
12/9/2017,63,63.75,63,63.75,"30,326,800"
13/9/2017,63.75,64,63.5,64,"15,615,500"
14/9/2017,64,64.25,63.5,64,"20,085,200"
15/9/2017,63.75,64.25,63.75,64.25,"23,567,100"
18/9/2017,64.25,65.25,64.25,65,"23,063,500"
19/9/2017,65.25,65.25,64.5,65,"12,711,700"
20/9/2017,65,65.25,64.75,65.25,"10,212,500"
21/9/2017,65.25,66.5,65,66,"29,550,500"
22/9/2017,66,66.25,65.25,66,"19,296,300"
25/9/2017,65.75,66,65.25,65.5,"8,723,200"
26/9/2017,65.75,66,65.5,65.75,"8,948,000"
27/9/2017,65.75,66,65.5,65.75,"9,534,400"
28/9/2017,66,66,65.25,66,"15,493,800"
29/9/2017,65.75,67.25,65.5,66.75,"31,692,600"
2/10/2017,67,68.5,66.75,68,"31,350,000"
3/10/2017,68.25,68.5,67.75,68,"28,201,700"
4/10/2017,68.25,68.25,67.25,68,"19,996,700"
5/10/2017,68,68,67.5,67.5,"7,410,600"
6/10/2017,67.75,69,67.75,69,"19,036,500"
9/10/2017,68.75,68.75,68.25,68.5,"5,745,100"
10/10/2017,68.5,71,68.5,70,"36,005,100"
11/10/2017,70,70.5,69.75,70,"12,974,400"
12/10/2017,70,70,68.75,69.25,"9,900,800"
16/10/2017,69.75,70.75,69.75,70.25,"19,756,800"
17/10/2017,70,70.25,69,70,"14,483,500"
18/10/2017,69.5,69.75,69.25,69.5,"11,221,300"
19/10/2017,69.5,69.75,67.75,68.25,"18,002,300"
20/10/2017,68,69.75,68,69.25,"15,750,600"
24/10/2017,69.25,70,69,70,"9,377,300"
25/10/2017,70,70.5,69.75,70,"12,478,500"
27/10/2017,70,70.25,69.75,70,"11,566,700"
30/10/2017,70,70.75,69.5,70.5,"16,385,700"
31/10/2017,70.5,70.5,69.75,70,"11,132,400"
1/11/2017,70.25,70.5,69.5,70,"8,464,500"
2/11/2017,70,70.75,69.75,70,"10,650,700"
3/11/2017,70,71,69.75,70.5,"7,855,900"
6/11/2017,70.25,70.5,69.75,70.5,"5,622,800"
7/11/2017,70.5,71.25,70.25,70.75,"11,409,800"
8/11/2017,70.5,71.5,70.5,71,"15,682,400"
9/11/2017,71,71.5,70,70.5,"18,680,600"
10/11/2017,70.5,70.5,68.75,69,"11,695,500"
13/11/2017,69,70.75,69,70.5,"16,925,200"
14/11/2017,71,72.75,70.75,72,"22,879,000"
15/11/2017,72.5,72.75,72,72.25,"14,736,900"
16/11/2017,72,72.75,71.75,72.25,"9,170,000"
17/11/2017,72.75,74.25,72.75,74,"24,406,300"
20/11/2017,74.5,76.75,74.25,76.25,"25,027,600"
21/11/2017,75.75,76.5,74.5,74.5,"25,717,100"
22/11/2017,74.5,75.5,74.5,75,"16,263,200"
23/11/2017,75.25,75.75,75,75.25,"12,398,200"
24/11/2017,75.25,75.75,74.75,75.25,"17,015,000"
27/11/2017,74.75,75.75,74.5,75.25,"17,362,600"
28/11/2017,75.25,75.25,73.5,74,"18,092,000"
29/11/2017,74,74.75,73.75,74,"16,427,600"
30/11/2017,74,74.5,72.75,73,"19,674,600"
1/12/2017,73.5,74,73.25,73.5,"6,793,300"
4/12/2017,73.5,74.25,73.25,74,"8,351,100"
6/12/2017,74,74,72.5,73.25,"13,937,900"
7/12/2017,73.5,74,73.25,74,"6,682,000"
8/12/2017,74.25,74.75,74,74.5,"10,957,300"
12/12/2017,74.75,75.25,74.25,75,"17,751,300"
13/12/2017,75.25,75.25,74.5,75.25,"7,767,900"
14/12/2017,75.5,77,75.25,76.5,"26,123,000"
15/12/2017,76,76.75,76,76.5,"21,009,000"
18/12/2017,76.5,76.5,75.75,76.25,"12,661,900"
19/12/2017,76.25,76.75,76.25,76.5,"13,649,600"
20/12/2017,76.5,76.5,75.75,76.5,"6,177,100"
21/12/2017,76.5,76.5,76,76.5,"4,813,300"
22/12/2017,76.5,76.5,76.25,76.25,"7,782,900"
25/12/2017,76.25,76.5,76.25,76.5,"3,705,500"
26/12/2017,76.25,76.75,76,76.5,"5,851,900"
27/12/2017,76.5,78.25,76.25,77.75,"21,341,100"
28/12/2017,77.75,78,75.5,77.5,"13,950,600"
29/12/2017,77.5,77.5,76.5,77,"8,721,500"
3/1/2018,77,78.75,77,78.5,"23,182,300"
4/1/2018,78.75,78.75,77.75,78.5,"14,959,300"
5/1/2018,79,79,77.75,77.75,"13,879,700"
8/1/2018,77,77.75,76.25,76.5,"14,574,100"
9/1/2018,76.5,77,75.75,76.25,"13,602,400"
10/1/2018,76.75,77.75,76.25,77.5,"19,585,800"
11/1/2018,77.5,78.75,77,78.5,"22,725,500"
12/1/2018,78.5,79.5,78.25,79,"24,796,100"
15/1/2018,79,79.75,77.75,78.25,"16,995,500"
16/1/2018,78.25,79.5,77.25,78.5,"21,659,400"
17/1/2018,78.5,80,78.5,80,"14,675,200"
18/1/2018,80,80.5,79.5,79.5,"15,429,600"
19/1/2018,80.25,80.25,79.5,80.25,"10,710,300"
22/1/2018,80.25,80.5,79.75,80.5,"14,160,000"
23/1/2018,80.5,80.75,80,80.5,"15,935,500"
24/1/2018,80.5,80.5,80,80.25,"10,759,800"
25/1/2018,80.25,81,80,80,"19,633,700"
26/1/2018,80.25,80.25,79.5,80.25,"17,183,900"
29/1/2018,80.25,80.25,79.5,79.75,"11,068,200"
30/1/2018,79.5,80,79,79.5,"15,510,700"
31/1/2018,79.75,80,79.5,79.75,"11,590,800"
1/2/2018,80.25,80.75,79.75,80,"25,858,400"
2/2/2018,80.25,80.25,79.25,79.75,"12,489,300"
5/2/2018,79,79.5,78.75,79.25,"15,084,600"
6/2/2018,77,79.25,77,78.5,"33,336,800"
7/2/2018,79,79.75,78.75,79.5,"16,196,900"
8/2/2018,79.75,80,79.25,79.25,"15,855,700"
9/2/2018,78.5,79,78.25,78.5,"22,929,600"
12/2/2018,78.5,78.75,78.25,78.5,"14,449,100"
13/2/2018,78.5,79.25,78.5,79,"14,069,900"
14/2/2018,79.5,80,79,79.5,"13,203,400"
15/2/2018,79.75,80.5,79.75,80.25,"12,974,400"
16/2/2018,80.5,81.25,80,81.25,"8,154,600"
19/2/2018,83,85.75,83,83.75,"44,799,300"
20/2/2018,83.75,84.25,82.25,82.75,"26,984,100"
21/2/2018,83.75,84.75,83.25,83.5,"25,984,900"
22/2/2018,83.75,85,83.25,84.25,"25,323,400"
23/2/2018,84.5,84.5,82.75,84,"36,283,400"
26/2/2018,84,84.75,83.25,84.5,"22,467,800"
27/2/2018,84.25,84.25,83.25,83.25,"30,809,300"
28/2/2018,82.75,84,82.5,84,"44,406,300"
2/3/2018,84,84.75,83.5,84.75,"28,262,600"
5/3/2018,84.75,87.25,84.5,87,"48,896,500"
6/3/2018,87,87,86,86.5,"15,539,100"
7/3/2018,86.25,86.75,84.75,85.5,"19,092,300"
8/3/2018,86,86.75,85.25,85.75,"21,897,200"
9/3/2018,86.5,87,86,87,"26,768,200"
12/3/2018,87.25,88,87.25,87.75,"16,084,300"
13/3/2018,87.5,87.75,86.75,87.75,"15,405,100"
14/3/2018,87,87.5,86.5,87,"19,732,300"
15/3/2018,87,87.5,86.5,87,"18,437,700"
16/3/2018,86.75,88.25,86.5,87.5,"32,290,600"
19/3/2018,87.5,88,87.25,87.5,"5,335,700"
20/3/2018,87,87.5,87,87,"8,199,300"
21/3/2018,87.75,88.5,87.5,87.75,"17,738,300"
22/3/2018,88,88.25,87.5,88,"7,206,400"
23/3/2018,87.5,88.5,87.25,88.5,"20,488,000"
26/3/2018,88.5,88.75,88,88.5,"17,691,900"
27/3/2018,88.5,90,88.25,90,"26,972,600"
28/3/2018,89,89.5,87.25,87.75,"35,036,800"
29/3/2018,87,87.75,86.5,87.25,"42,552,400"
30/3/2018,87.25,88,86.25,88,"30,244,000"
2/4/2018,87.5,88,87.25,87.5,"9,365,300"
3/4/2018,87,88.5,87,88,"30,716,900"
4/4/2018,88,88,86.5,86.5,"25,529,600"
5/4/2018,87.5,88,87,87.75,"18,112,300"
9/4/2018,87.5,87.75,87.25,87.75,"13,412,900"
10/4/2018,87.5,88,86.25,86.75,"36,884,100"
11/4/2018,86.75,87.25,86.25,87.25,"31,862,200"
12/4/2018,87,87.25,86.5,87,"18,168,400"
17/4/2018,86.5,86.5,83,83.25,"93,762,600"
18/4/2018,84,85.5,83.75,85.5,"34,775,100"
19/4/2018,86,87.25,85.75,87,"21,992,800"
20/4/2018,87,87,86,87,"19,496,800"
23/4/2018,87,87.5,86.5,87,"13,613,200"
24/4/2018,87,87,86,86.5,"23,994,700"
25/4/2018,86.5,87.25,86.25,87,"26,939,500"
26/4/2018,87,87.25,86.75,87,"13,850,000"
27/4/2018,86.25,87,85.75,87,"18,303,100"
30/4/2018,87,87.25,86.75,87,"18,011,100"
2/5/2018,87,88,86.75,88,"24,372,300"
3/5/2018,88,88.25,87.75,88,"17,058,400"
4/5/2018,88,88.25,87.25,87.5,"12,648,200"
7/5/2018,88,88.5,87.75,88.25,"9,362,900"
8/5/2018,88,88.5,87.25,87.75,"13,166,000"
9/5/2018,87.5,87.75,86.25,87,"14,724,000"
10/5/2018,87,87.5,85.75,86,"11,321,700"
11/5/2018,86,86,84.5,85.5,"32,136,000"
14/5/2018,86.25,86.75,85.75,86.5,"12,354,700"
15/5/2018,86,86.25,85,85.25,"14,780,600"
16/5/2018,84.75,85,83,83.5,"37,905,300"
17/5/2018,83.25,83.5,81.25,81.75,"38,830,800"
18/5/2018,81.75,82.5,80.25,81.5,"42,175,600"
21/5/2018,82.25,83,81.75,82,"30,004,000"
22/5/2018,82,82.5,81.5,81.5,"17,473,200"
23/5/2018,81.5,81.75,80.75,80.75,"35,711,200"
24/5/2018,80.5,81.25,79.75,80.25,"33,583,900"
25/5/2018,80.5,81,79.5,80.5,"28,505,600"
28/5/2018,80.75,82.25,80.5,81,"22,026,900"
30/5/2018,80.75,81,80,80.5,"28,926,800"
31/5/2018,81,81.5,80.25,80.75,"34,762,500"
1/6/2018,80.75,81,79.5,80,"17,618,300"
4/6/2018,80,80.25,77.5,78.5,"38,518,800"
5/6/2018,78.25,80.25,77.5,79.75,"39,230,400"
6/6/2018,80.25,80.25,79.5,80,"28,983,300"
7/6/2018,80.25,80.5,79.75,79.75,"12,875,400"
8/6/2018,79.5,79.75,78.75,79.25,"12,945,000"
11/6/2018,79.25,80,79.25,79.5,"15,345,200"
12/6/2018,80,81.25,79.75,80.5,"36,427,200"
13/6/2018,80.5,80.75,79.5,79.5,"16,666,400"
14/6/2018,79.25,79.75,78.75,79,"16,079,800"
15/6/2018,79.25,79.75,78.5,79.5,"25,200,600"
18/6/2018,79,79.25,78.5,78.5,"19,451,600"
19/6/2018,78.25,78.5,76,76.5,"47,558,500"
20/6/2018,76.5,77,76,76.75,"27,070,300"
21/6/2018,77,77.25,76,76.75,"31,608,800"
22/6/2018,76.75,77.75,76.5,77.25,"23,422,500"
25/6/2018,77,77.25,75.25,75.25,"23,776,900"
26/6/2018,74.75,76.25,74.5,76,"29,963,900"
27/6/2018,76,76.25,74.25,74.5,"25,739,700"
28/6/2018,75,75.75,74.5,74.75,"23,266,100"
29/6/2018,74.75,75,72.75,73.5,"39,590,100"
2/7/2018,74,75,73.5,75,"17,471,300"
3/7/2018,75,76,74.75,75.5,"25,332,300"
4/7/2018,76.25,77.25,75.25,76.5,"32,193,600"
5/7/2018,76.5,77.5,76,76.5,"17,546,100"
6/7/2018,76.25,78.5,76.25,77.25,"23,133,300"
9/7/2018,78,79.75,78,79,"18,149,800"
10/7/2018,79,79.25,77.5,79,"15,490,600"
11/7/2018,78.5,79.25,78.25,78.75,"17,995,800"
12/7/2018,78.75,79.5,76,76.5,"34,496,100"
13/7/2018,76.75,77.25,75.5,76,"19,314,600"
16/7/2018,75.5,76,75,75.5,"11,221,000"
17/7/2018,75,75.5,74.25,75.5,"18,955,900"
18/7/2018,76,76.25,74.75,75.75,"17,229,100"
19/7/2018,75.75,76,74.75,75.5,"13,337,200"
20/7/2018,75.25,75.5,74.5,74.75,"32,961,200"
23/7/2018,75,76.25,74.75,75.5,"22,923,400"
24/7/2018,75.75,76.25,75,75.25,"16,661,200"
25/7/2018,75.75,77.25,75.25,76.5,"39,411,900"
26/7/2018,77,77.25,75.25,76,"25,613,200"
31/7/2018,76.25,76.5,73.75,75,"47,081,800"
1/8/2018,75,76,74.5,75.75,"31,828,200"
2/8/2018,75.75,76,74.75,74.75,"20,362,600"
3/8/2018,74.75,75.25,73.75,73.75,"34,969,500"
6/8/2018,74,74.5,72.75,72.75,"37,315,300"
7/8/2018,73.25,73.75,71.5,73.25,"54,131,300"
8/8/2018,73.25,74.75,73,73.75,"36,499,800"
9/8/2018,74,74.25,73.25,74,"20,772,600"
10/8/2018,71,72.25,70,71.25,"121,120,700"
14/8/2018,69.75,70.25,69,69.25,"88,809,000"
15/8/2018,69,70.25,68.5,69.25,"63,830,600"
16/8/2018,69.25,70.75,69,70.5,"48,446,200"
17/8/2018,70.75,71.25,69.5,69.75,"43,325,900"
20/8/2018,70,70.5,69.5,70,"13,819,500"
21/8/2018,70,70.5,69.5,70,"24,205,100"
22/8/2018,70,70.25,69.25,69.75,"15,386,600"
23/8/2018,70,70,68.75,69.5,"35,229,700"
24/8/2018,69,69.5,68.75,69,"26,180,200"
27/8/2018,69,69.5,68.5,69.25,"27,003,900"
28/8/2018,69.5,69.75,68.25,68.75,"49,563,000"
29/8/2018,69.25,69.5,68.5,69.25,"43,232,600"
30/8/2018,69.25,69.25,68.25,68.5,"28,674,000"
31/8/2018,68,68.25,67.25,67.5,"48,443,300"
3/9/2018,67.5,68.5,67.5,67.75,"30,741,700"
4/9/2018,67.75,68,67,67,"30,480,200"
5/9/2018,66.75,67,64.75,65.25,"104,996,300"
6/9/2018,65.5,67.25,65.5,67,"67,695,700"
7/9/2018,67,67.25,66.5,67,"20,879,600"
10/9/2018,66.75,67,66,66.5,"17,879,600"
11/9/2018,66.5,66.5,65,65.25,"35,494,500"
12/9/2018,65.25,66,65,65.5,"28,186,100"
13/9/2018,67.25,68.5,66.75,68.5,"102,206,200"
14/9/2018,69,69,68,68.5,"54,693,600"
17/9/2018,68,68.5,67.75,68,"22,450,200"
18/9/2018,67.75,69,67,68.5,"54,414,600"
19/9/2018,69,71.75,68.75,71,"115,851,500"
20/9/2018,71.5,71.5,70.5,70.5,"29,476,400"
21/9/2018,70.25,70.5,69.25,69.5,"70,972,600"
24/9/2018,69.25,69.75,69,69.25,"25,596,400"
25/9/2018,69.5,70.5,69.5,70,"26,989,300"
26/9/2018,70.5,71,70,70,"30,463,000"
27/9/2018,69.5,69.75,68.5,69.25,"57,748,800"
28/9/2018,69.5,69.5,68.5,69,"34,365,300"
1/10/2018,69.5,69.75,68.75,69.5,"19,404,800"
2/10/2018,69.75,70.5,69.5,69.75,"44,017,300"
3/10/2018,70,70.25,69.25,69.5,"16,222,500"
4/10/2018,69.25,69.25,68.5,69.25,"26,471,100"
5/10/2018,68.5,69.25,68.5,69.25,"17,652,500"
8/10/2018,69.25,69.5,68,68.5,"33,222,500"
9/10/2018,68.75,69,68.25,68.75,"23,222,100"
10/10/2018,69.25,69.25,68.25,69,"22,396,600"
11/10/2018,67,67.5,66.5,67.25,"58,377,100"
12/10/2018,67.5,67.75,67.25,67.25,"15,766,800"
16/10/2018,67.25,67.5,66.25,67.5,"22,589,100"
17/10/2018,67.75,67.75,67.25,67.25,"8,819,800"
18/10/2018,67,67.25,66.5,66.5,"15,400,600"
19/10/2018,66.5,66.5,65,65.25,"50,032,400"
22/10/2018,65.5,65.5,63.75,65,"39,753,000"
24/10/2018,64.25,64.75,62.75,63,"77,301,600"
25/10/2018,62.5,64,61.5,63.5,"71,179,100"
26/10/2018,63.25,64.25,62.25,63.75,"28,681,100"
29/10/2018,64,66.25,64,65.25,"30,186,900"
30/10/2018,65.25,66,64.75,65.75,"18,087,300"
31/10/2018,66.25,67.25,65.75,67.25,"37,097,300"
1/11/2018,67.75,68.25,67,68,"41,711,900"
2/11/2018,68.5,69,68,68.5,"45,487,000"
5/11/2018,68,68,66.75,67.5,"24,321,100"
6/11/2018,67.75,68.25,67.5,68.25,"16,239,900"
7/11/2018,68,68,66.25,67.75,"29,153,100"
8/11/2018,68.25,68.5,67.75,68,"16,719,000"
9/11/2018,67.5,68.25,67.5,68.25,"17,606,700"
12/11/2018,68.75,68.75,67.75,67.75,"13,700,400"
13/11/2018,67.25,69.75,67,69.5,"55,692,800"
14/11/2018,70.25,70.25,69.5,69.75,"30,839,700"
15/11/2018,70,70,68.5,68.5,"22,604,400"
16/11/2018,69,69.25,68.25,69.25,"19,836,900"
19/11/2018,68.75,69.5,68.5,69.5,"18,962,500"
20/11/2018,69,69.25,68.25,68.75,"16,564,100"
21/11/2018,68.75,69,68.25,68.25,"28,196,100"
22/11/2018,68.75,69,68.5,68.75,"14,408,200"
23/11/2018,68.25,68.75,67.75,68.5,"18,003,200"
26/11/2018,68.75,69,68.25,68.75,"14,455,000"
27/11/2018,68.5,69,68.25,68.75,"23,628,500"
28/11/2018,68.75,69,68.5,68.75,"14,068,700"
29/11/2018,69,69.25,68.5,68.5,"16,616,300"
30/11/2018,68.5,68.75,67.75,68.25,"27,035,800"
3/12/2018,69.25,71.75,69,71.5,"104,403,600"
4/12/2018,71.5,71.75,71,71.75,"38,577,300"
6/12/2018,70.5,71,70.5,70.75,"20,668,900"
7/12/2018,70.75,71.75,70.75,71.5,"17,147,400"
11/12/2018,71,71.75,70.25,70.25,"43,974,100"
12/12/2018,71,71.5,70.5,70.75,"21,943,200"
13/12/2018,71.25,71.25,70.5,70.75,"21,544,600"
14/12/2018,70.5,71,70.5,71,"15,527,900"
17/12/2018,70.75,71.25,69.75,70,"31,528,700"
18/12/2018,69.75,70.5,69.25,70.25,"19,257,000"
19/12/2018,70.25,70.25,69.75,70,"16,952,400"
20/12/2018,69.75,70,69.5,70,"10,461,100"
21/12/2018,69.5,70,69.25,69.25,"20,165,700"
24/12/2018,69.25,69.75,69.25,69.5,"8,807,000"
25/12/2018,69,69.25,68.5,69,"13,894,000"
26/12/2018,69,69.25,68.5,69,"24,585,600"
27/12/2018,69.25,69.25,68.25,68.75,"27,869,800"
28/12/2018,68.75,69.25,68.5,68.75,"26,155,100"
2/1/2019,69,70.5,68.75,70.25,"32,878,800"
3/1/2019,70.5,72,70.5,70.5,"59,896,900"
4/1/2019,71.5,72.5,71.25,72.25,"62,042,700"
7/1/2019,72.75,73,72.25,73,"31,042,400"
8/1/2019,73,73,72.25,72.5,"45,469,700"
9/1/2019,73,73.25,72.5,72.5,"23,162,200"
10/1/2019,72.75,74,72.75,74,"47,990,300"
11/1/2019,74,75,73.75,74.75,"41,382,500"
14/1/2019,74.75,75,74,74.5,"19,714,900"
15/1/2019,74.75,75,73.75,74.25,"33,036,300"
16/1/2019,74.75,74.75,73.75,74.25,"30,637,800"
17/1/2019,74.25,74.5,74,74.25,"14,956,000"
18/1/2019,74.75,75.75,74.5,74.75,"39,698,200"
21/1/2019,75.25,76,75,75.75,"27,612,600"
22/1/2019,75.5,75.75,74.75,75.25,"41,108,000"
23/1/2019,75.25,75.75,75,75.5,"27,989,400"
24/1/2019,76.25,77.25,76,77,"72,787,400"
25/1/2019,77.25,78.75,76.75,77.25,"72,982,000"
28/1/2019,77.5,77.75,77,77.5,"19,867,400"
29/1/2019,77.5,78.75,77,78.75,"34,802,000"
30/1/2019,79,79.25,77.5,78,"32,886,000"
31/1/2019,78.5,78.5,77.5,77.75,"23,946,100"
1/2/2019,77.75,78,76.75,77.25,"24,795,400"
4/2/2019,77.75,78,77.25,77.75,"10,617,900"
5/2/2019,77.75,78.25,77.5,78,"8,378,800"
6/2/2019,78,78.5,77.75,78.25,"11,431,200"
7/2/2019,78,78.25,76.5,76.5,"37,053,200"
8/2/2019,76.75,77.25,76,76.75,"28,364,900"
11/2/2019,76.75,77.25,76.5,76.75,"15,519,600"
12/2/2019,76.75,77.75,76.75,77.5,"15,318,400"
13/2/2019,77.75,78,77.25,77.5,"12,869,200"
14/2/2019,77.75,78,77.5,77.5,"19,038,000"
15/2/2019,77.5,77.5,76.75,77,"17,769,900"
18/2/2019,77.25,77.5,76.75,77.25,"9,943,600"
20/2/2019,77.5,77.5,75.75,77,"45,529,600"
21/2/2019,77.25,77.5,76.25,76.75,"31,835,500"
22/2/2019,77.5,78.75,77.25,78.75,"54,655,200"
25/2/2019,79.5,80.5,79.25,80.25,"44,718,000"
26/2/2019,79.75,80.25,79.5,80,"20,573,900"
27/2/2019,79.75,80,78.25,78.5,"37,960,000"
28/2/2019,78.5,79,77.75,77.75,"24,204,800"
1/3/2019,78.25,78.25,77.5,77.75,"13,999,300"
4/3/2019,78.25,78.25,77.25,77.25,"11,211,000"
5/3/2019,77.25,77.75,76.75,77.5,"14,055,000"
6/3/2019,77.5,78,76.25,76.5,"21,919,500"
7/3/2019,76.5,77.5,76.5,77.5,"18,304,200"
8/3/2019,77.25,78,77.25,77.25,"11,708,300"
11/3/2019,77.75,78,77.25,77.25,"8,791,200"
12/3/2019,77.5,77.75,76.75,76.75,"15,189,500"
13/3/2019,76.75,77.75,76.5,77.5,"17,954,600"
14/3/2019,77.25,77.5,76.75,77.25,"13,335,500"
15/3/2019,77.25,77.5,75.5,75.5,"34,709,400"
18/3/2019,75.5,75.75,73.75,74.25,"48,574,000"
19/3/2019,74.25,75.75,74.25,75.5,"19,209,100"
20/3/2019,76,76.25,75.5,76,"21,941,900"
21/3/2019,76,76,75,75.5,"20,673,400"
22/3/2019,75.5,76.25,75,76,"20,192,700"
25/3/2019,75,75.5,74,74,"49,429,000"
26/3/2019,74.25,74.5,74,74,"31,884,500"
27/3/2019,74,74.5,73.5,74.25,"24,891,700"
28/3/2019,74,74.5,74,74.25,"16,359,800"
29/3/2019,74.25,75.25,74.25,74.75,"21,082,700"
1/4/2019,74.75,76,74.75,75.75,"27,947,500"
2/4/2019,76,76.5,75.75,76.25,"16,187,500"
3/4/2019,76.5,76.5,75.5,76,"13,760,800"
4/4/2019,76,76,75,75.25,"16,640,500"
5/4/2019,75.25,76.5,75.25,76.25,"12,332,200"
9/4/2019,76.25,77,76,77,"23,376,200"
10/4/2019,77,77.5,76.5,77,"14,293,400"
11/4/2019,77.25,77.25,76.5,77.25,"13,845,600"
12/4/2019,77.25,77.25,76.5,77,"9,208,000"
17/4/2019,77.25,78,77,77.25,"20,810,600"
18/4/2019,77.5,77.75,77,77,"16,990,200"
19/4/2019,77,77.5,76.75,77.25,"4,904,100"
22/4/2019,77.5,77.5,77,77.5,"8,604,800"
23/4/2019,77.75,78,77.25,77.5,"9,048,300"
24/4/2019,77.75,78.25,77.5,78,"13,730,300"
25/4/2019,77.75,78,76.75,76.75,"17,140,200"
26/4/2019,76.5,77,76,76.75,"20,454,900"
29/4/2019,77,77.25,76.5,77,"9,475,400"
30/4/2019,77,77.75,76.75,77.5,"15,111,200"
2/5/2019,77.75,78,77.5,77.5,"18,497,300"
3/5/2019,77,77.75,76.75,77.5,"12,298,100"
7/5/2019,77,77,76.25,76.25,"17,859,700"
8/5/2019,75.75,76.5,75.5,76,"19,456,300"
9/5/2019,76,76.25,75.75,75.75,"15,759,400"
10/5/2019,77,77.25,76,76.75,"38,473,800"
13/5/2019,77,77.25,76.25,76.25,"14,956,000"
14/5/2019,76,77.25,75.75,77.25,"25,440,800"
15/5/2019,77.25,77.25,76.5,76.5,"12,827,000"
16/5/2019,76.25,76.75,76,76.25,"25,333,400"
17/5/2019,76.75,77.25,76.5,76.75,"28,594,000"
21/5/2019,77,77,76.25,76.25,"18,433,500"
22/5/2019,77,78.25,76.75,78.25,"38,783,600"
23/5/2019,78.25,78.75,77.5,77.75,"30,356,600"
24/5/2019,78,79.25,77.75,79,"35,244,900"
27/5/2019,79,81,78.5,81,"58,244,500"
28/5/2019,81,81,79.5,80.5,"87,595,400"
29/5/2019,80.5,81,78.75,79,"27,509,300"
30/5/2019,79,80,78.25,79,"25,242,100"
31/5/2019,79,79.75,79,79.75,"23,456,500"
4/6/2019,80.5,83,80.25,81.75,"61,536,800"
5/6/2019,82.25,82.25,80.5,82,"38,063,000"
6/6/2019,82,82.25,81.25,81.75,"18,010,400"
7/6/2019,81.75,82,81,81.25,"9,629,400"
10/6/2019,81.75,82,81.25,82,"21,698,900"
11/6/2019,82.25,82.75,81.25,81.75,"32,757,400"
12/6/2019,81.5,82,81.25,81.75,"10,926,200"
13/6/2019,82.25,83,81.75,82.75,"28,723,800"
14/6/2019,82.75,83.25,82.5,83,"19,592,600"
17/6/2019,83.25,83.75,82.5,82.5,"23,206,400"
18/6/2019,83,84.5,82.5,84.25,"51,236,800"
19/6/2019,84.75,84.75,83.75,84.25,"34,209,500"
20/6/2019,84.25,85.25,84,85,"32,544,300"
21/6/2019,85,85.5,84.5,85.5,"30,384,000"
24/6/2019,85.5,85.5,84.5,85,"16,473,600"
25/6/2019,85,85.5,84,85.25,"37,630,300"
26/6/2019,84.75,86.25,84.75,85.75,"27,607,800"
27/6/2019,85.5,87,85.25,86,"44,476,200"
28/6/2019,86,86.25,85.5,86,"25,190,100"
1/7/2019,86.5,87,85.5,86,"26,175,400"
2/7/2019,86,87.5,86,86.75,"29,514,200"
3/7/2019,86.5,86.75,86,86.5,"21,222,100"
4/7/2019,86.5,87,85.25,85.5,"37,410,900"
5/7/2019,85.5,86.5,85.5,86.5,"13,490,800"
8/7/2019,85.75,86.5,85.75,86.5,"16,941,800"
9/7/2019,86.25,86.5,85.75,86.25,"20,156,900"
10/7/2019,86.75,88,86.25,87.75,"34,989,700"
11/7/2019,88,88.25,86.75,87.5,"34,285,400"
12/7/2019,87.5,87.75,87,87.25,"12,960,200"
15/7/2019,87.25,88,87.25,87.5,"10,342,200"
17/7/2019,87.5,87.75,87.25,87.25,"18,361,900"
18/7/2019,87,87.75,86.75,87.25,"22,643,700"
19/7/2019,87.75,88.25,87.25,87.75,"24,402,800"
22/7/2019,87.25,87.75,86.75,86.75,"22,461,700"
23/7/2019,87,87.75,86.75,87.5,"15,686,600"
24/7/2019,87.75,87.75,86.75,87.5,"14,807,200"
25/7/2019,86.75,87.75,86.75,87.5,"16,362,000"
26/7/2019,87.5,87.75,86.5,86.5,"22,745,100"
30/7/2019,87,87.5,86.75,87,"18,119,400"
31/7/2019,86.75,87.25,86.25,86.75,"22,981,100"
1/8/2019,86.75,87.25,86.5,86.75,"19,495,300"
2/8/2019,86.5,86.75,85.25,86.75,"31,885,300"
5/8/2019,86,86.5,85.5,85.5,"21,548,600"
6/8/2019,85,86.25,84.75,85.5,"39,775,900"
7/8/2019,86,86.5,85.75,86,"30,723,500"
8/8/2019,86.5,87.75,86.25,87.5,"27,083,900"
9/8/2019,87.75,87.75,87,87,"25,932,200"
13/8/2019,86.25,86.25,83.75,84.5,"52,076,400"
14/8/2019,84.5,84.75,83,83.5,"47,862,900"
15/8/2019,82.25,82.75,81.5,82.5,"57,802,800"
16/8/2019,82.75,84.5,82.5,84.5,"36,314,000"
19/8/2019,84.75,85,83.5,84,"23,858,200"
20/8/2019,84.25,85.25,84,84.75,"26,683,700"
21/8/2019,85.25,86.5,84.75,86.5,"27,213,600"
22/8/2019,85.5,86.25,85,85.5,"24,215,500"
23/8/2019,86,86.75,85.75,86.75,"18,766,400"
26/8/2019,85.75,86.5,85.5,86.25,"23,636,600"
27/8/2019,85.75,86.25,84.5,84.75,"37,282,200"
28/8/2019,85,85.25,83.25,83.25,"31,478,300"
29/8/2019,83,84,82.75,83.75,"21,200,400"
30/8/2019,84,84.5,82.5,84,"34,644,300"
2/9/2019,84,84.5,83.5,83.5,"15,408,000"
3/9/2019,83.5,83.75,82.5,82.5,"22,394,300"
4/9/2019,83.5,84,82.75,84,"21,345,100"
5/9/2019,84.5,84.75,83.5,83.75,"15,316,300"
6/9/2019,84.25,84.5,83.75,84.5,"11,248,400"
9/9/2019,84.75,85,84,84.25,"13,747,500"
10/9/2019,84.75,84.75,82.75,83,"37,907,800"
11/9/2019,83.5,84,83,84,"18,020,400"
12/9/2019,84.5,84.5,82.25,83,"27,086,800"
13/9/2019,83,83,82.5,82.75,"16,934,500"
16/9/2019,82.5,82.75,81,82,"51,937,600"
17/9/2019,82,83,81.75,82.75,"24,101,800"
18/9/2019,82.75,83,82.5,82.75,"11,265,500"
19/9/2019,82.75,82.75,81.75,81.75,"16,993,300"
20/9/2019,81.75,81.75,80.75,81.25,"35,954,200"
23/9/2019,81.25,81.5,80,80.75,"40,181,400"
24/9/2019,80.5,80.75,79.5,79.75,"49,767,800"
25/9/2019,80,80.25,79.25,80,"42,272,500"
26/9/2019,80,80,79.25,79.75,"43,017,700"
27/9/2019,79.75,82,79.5,81.5,"64,137,800"
30/9/2019,81.25,81.5,80.75,81.25,"15,406,100"
1/10/2019,81,81.25,79.75,80,"27,731,100"
2/10/2019,80,80.75,79.75,80.5,"12,548,000"
3/10/2019,80,81.5,80,81.5,"16,495,000"
4/10/2019,81.5,81.5,80.5,80.75,"15,488,900"
7/10/2019,81,81,80.25,80.75,"10,642,700"
8/10/2019,81.25,81.5,80.25,80.25,"13,150,400"
9/10/2019,80.25,80.5,79.75,80.25,"12,758,300"
10/10/2019,80.5,80.5,79.5,79.75,"17,292,600"
11/10/2019,80.25,81.25,80,81,"18,055,700"
15/10/2019,81.5,81.75,80.5,81.25,"20,206,300"
16/10/2019,81,81.5,80.5,81.5,"14,960,700"
17/10/2019,81.5,83,81.25,82.25,"26,960,600"
18/10/2019,82.5,83,81.5,82.75,"21,877,700"
21/10/2019,82.25,82.75,81.75,81.75,"8,634,400"
22/10/2019,82,82.5,81.5,81.75,"13,761,400"
24/10/2019,81.75,82,80.5,81,"23,949,300"
25/10/2019,80.5,80.75,78.25,78.5,"41,265,600"
28/10/2019,78.25,79.5,77.5,79,"23,141,100"
29/10/2019,78.75,79.5,77.5,77.75,"28,673,800"
30/10/2019,78.25,78.75,78,78.5,"15,932,200"
31/10/2019,78.75,79.5,78,78,"23,785,100"
1/11/2019,78,78.25,75.25,75.75,"66,550,200"
4/11/2019,76.25,78,76,78,"31,888,600"
5/11/2019,78.25,79.25,77.75,79.25,"40,691,100"
6/11/2019,79.5,79.5,78,78.5,"28,104,200"
7/11/2019,78.75,79.5,78.5,79.25,"16,268,200"
8/11/2019,78.75,79,78.25,78.75,"12,343,400"
11/11/2019,78.25,79.25,78,79,"10,226,400"
12/11/2019,79.25,81,79,80,"30,856,200"
13/11/2019,80,80.25,78.25,79,"22,229,100"
14/11/2019,78.75,79.25,78.5,78.75,"15,453,600"
15/11/2019,79.25,79.5,77,77.75,"19,061,200"
18/11/2019,77.5,77.5,76.25,76.5,"26,790,100"
19/11/2019,76.75,77.5,76.5,76.75,"33,149,200"
20/11/2019,76.25,76.5,75.25,75.5,"29,487,700"
21/11/2019,75.5,76,75,75.5,"31,532,400"
22/11/2019,76,76.5,75,75.25,"23,206,600"
25/11/2019,75.25,76.5,75.25,76.5,"18,243,400"
26/11/2019,77,77,76.5,76.5,"24,066,300"
27/11/2019,77,77.25,76.5,76.5,"19,340,300"
28/11/2019,76.75,77.25,75.5,75.75,"14,284,500"
29/11/2019,75.5,76,75,76,"17,167,400"
2/12/2019,76,76.25,74.25,75,"23,134,300"
3/12/2019,74.25,75.5,74.25,75.25,"19,976,400"
4/12/2019,75,75.75,74.75,75.25,"11,599,500"
6/12/2019,75.25,76,74.75,75,"25,119,200"
9/12/2019,75,75.25,72.5,73.25,"40,227,100"
11/12/2019,73.5,74.5,73.25,73.5,"25,451,000"
12/12/2019,74,74.5,73.25,73.25,"28,759,500"
13/12/2019,73.75,74.25,73.25,73.25,"21,785,800"
16/12/2019,73.5,73.5,72,72.5,"20,832,300"
17/12/2019,73,73.75,72.25,73.5,"31,703,800"
18/12/2019,74.25,74.25,73,73.75,"22,253,200"
19/12/2019,73.5,73.75,72.5,73.5,"32,467,200"
20/12/2019,73.5,75,73.25,75,"42,633,100"
23/12/2019,75,75.75,74.5,74.75,"23,255,300"
24/12/2019,75.5,75.75,74.75,75,"9,615,600"
25/12/2019,75,75.25,74.5,74.75,"4,030,400"
26/12/2019,75,75.25,74.5,75,"6,025,500"
27/12/2019,75.25,76,74,74.5,"17,504,600"
30/12/2019,74,74,72.25,72.25,"27,671,100"
2/1/2020,72.5,73.25,71,71,"60,002,900"
3/1/2020,71,72.25,70.75,71.75,"28,722,800"
6/1/2020,71.25,72.5,71.25,71.25,"19,762,200"
7/1/2020,72,72.75,71.5,72.25,"21,756,700"
8/1/2020,72,72.5,71.75,72.5,"25,131,500"
9/1/2020,73.25,74.25,72.5,74,"39,842,400"
10/1/2020,74.5,74.5,73.75,74.25,"23,641,300"
13/1/2020,74.25,74.5,71.25,71.75,"48,572,000"
14/1/2020,71.75,73,71.75,73,"23,767,300"
15/1/2020,72.5,73,71.25,71.75,"25,589,100"
16/1/2020,72,74.5,72,74.25,"41,329,600"
17/1/2020,75,75,74,74.25,"19,155,700"
20/1/2020,74.75,75.25,74.25,75,"18,355,200"
21/1/2020,74.5,75.25,74.5,75.25,"22,730,200"
22/1/2020,75.5,75.5,74.5,74.75,"19,352,400"
23/1/2020,75,76,75,75.5,"14,251,600"
24/1/2020,75.5,75.5,73.25,73.5,"20,048,500"
27/1/2020,72.5,72.75,70.5,71.5,"33,332,700"
28/1/2020,71,72,70.5,71.25,"28,703,800"
29/1/2020,71.5,72.5,71,72,"19,628,000"
30/1/2020,72.5,73,71.5,71.75,"15,304,800"
31/1/2020,71.5,71.75,69.75,70.75,"42,687,400"
3/2/2020,69.75,71.25,68,68,"59,637,000"
4/2/2020,68.25,69.75,68.25,69.75,"26,523,600"
